problem_type,num_points,pose_gt,scale_gt,focal_gt,x_point,X_point
1,3,0.677469134,-0.002795830,0.000098509,0.735545814,-0.082699716,0.065534472,-0.562081635,1.000000000,1.000000000,-0.703211665,-0.583646297,0.406017691,0.580132902,0.693229496,0.427643299,0.048856247,-0.332731009,0.941755414,-3.256720781,4.444341660,3.022275209,1.194289327,-1.338286161,1.408147216,-0.992384255,-0.146157712,3.102732658

quat_gt_x,quat_gt_y,quat_gt_z,quat_gt_w,gyro_x,gyro_y,gyro_z,acc_x,acc_y,acc_z,mag_x,mag_y,mag_z
