u0,u1,u2,u3
-0.0001352571,-0.0001352571,-0.0001352571,-0.0001352571
-0.0001305927,-0.0001305927,-0.0001305927,-0.0001305927
-0.0001266990,-0.0001266990,-0.0001266990,-0.0001266990
-0.0001233974,-0.0001233974,-0.0001233974,-0.0001233974
-0.0001205449,-0.0001205449,-0.0001205449,-0.0001205449
-0.0001180952,-0.0001180952,-0.0001180952,-0.0001180952
-0.0001158211,-0.0001158211,-0.0001158211,-0.0001158211
-0.0001137176,-0.0001137176,-0.0001137176,-0.0001137176
-0.0001117264,-0.0001117264,-0.0001117264,-0.0001117264
-0.0001098011,-0.0001098011,-0.0001098011,-0.0001098011
-0.0001079044,-0.0001079044,-0.0001079044,-0.0001079044
-0.0001060067,-0.0001060067,-0.0001060067,-0.0001060067
-0.0001041134,-0.0001041134,-0.0001041134,-0.0001041134
-0.0001021478,-0.0001021478,-0.0001021478,-0.0001021478
-0.0001001238,-0.0001001238,-0.0001001238,-0.0001001238
-0.0000980296,-0.0000980296,-0.0000980296,-0.0000980296
-0.0000958558,-0.0000958558,-0.0000958558,-0.0000958558
-0.0000936030,-0.0000936030,-0.0000936030,-0.0000936030
-0.0000912490,-0.0000912490,-0.0000912490,-0.0000912490
-0.0000887975,-0.0000887975,-0.0000887975,-0.0000887975
-0.0000862448,-0.0000862448,-0.0000862448,-0.0000862448
-0.0000835930,-0.0000835930,-0.0000835930,-0.0000835930
-0.0000808301,-0.0000808301,-0.0000808301,-0.0000808301
-0.0000779593,-0.0000779593,-0.0000779593,-0.0000779593
-0.0000749832,-0.0000749832,-0.0000749832,-0.0000749832
-0.0000718934,-0.0000718934,-0.0000718934,-0.0000718934
-0.0000686931,-0.0000686931,-0.0000686931,-0.0000686931
-0.0000653856,-0.0000653856,-0.0000653856,-0.0000653856
-0.0000619630,-0.0000619630,-0.0000619630,-0.0000619630
-0.0000584290,-0.0000584290,-0.0000584290,-0.0000584290
-0.0000547877,-0.0000547877,-0.0000547877,-0.0000547877
-0.0000510309,-0.0000510309,-0.0000510309,-0.0000510309
-0.0000471659,-0.0000471659,-0.0000471659,-0.0000471659
-0.0000431870,-0.0000431870,-0.0000431870,-0.0000431870
-0.0000391004,-0.0000391004,-0.0000391004,-0.0000391004
-0.0000349003,-0.0000349003,-0.0000349003,-0.0000349003
-0.0000305933,-0.0000305933,-0.0000305933,-0.0000305933
-0.0000261731,-0.0000261731,-0.0000261731,-0.0000261731
-0.0000216469,-0.0000216469,-0.0000216469,-0.0000216469
-0.0000170082,-0.0000170082,-0.0000170082,-0.0000170082
-0.0000122642,-0.0000122642,-0.0000122642,-0.0000122642
-0.0000074084,-0.0000074084,-0.0000074084,-0.0000074084
-0.0000024482,-0.0000024482,-0.0000024482,-0.0000024482
0.0000026232,0.0000026232,0.0000026232,0.0000026232
0.0000077980,0.0000077980,0.0000077980,0.0000077980
0.0000130834,0.0000130834,0.0000130834,0.0000130834
0.0000184712,0.0000184712,0.0000184712,0.0000184712
0.0000239689,0.0000239689,0.0000239689,0.0000239689
0.0000295681,0.0000295681,0.0000295681,0.0000295681
0.0000352765,0.0000352765,0.0000352765,0.0000352765
0.0000410854,0.0000410854,0.0000410854,0.0000410854
0.0000470029,0.0000470029,0.0000470029,0.0000470029
0.0000530198,0.0000530198,0.0000530198,0.0000530198
0.0000591447,0.0000591447,0.0000591447,0.0000591447
0.0000653680,0.0000653680,0.0000653680,0.0000653680
0.0000716986,0.0000716986,0.0000716986,0.0000716986
0.0000781266,0.0000781266,0.0000781266,0.0000781266
0.0000846613,0.0000846613,0.0000846613,0.0000846613
0.0000912924,0.0000912924,0.0000912924,0.0000912924
0.0000980294,0.0000980294,0.0000980294,0.0000980294
0.0001048619,0.0001048619,0.0001048619,0.0001048619
0.0001117996,0.0001117996,0.0001117996,0.0001117996
0.0001188318,0.0001188318,0.0001188318,0.0001188318
0.0001259685,0.0001259685,0.0001259685,0.0001259685
0.0001331987,0.0001331987,0.0001331987,0.0001331987
0.0001405328,0.0001405328,0.0001405328,0.0001405328
0.0001479594,0.0001479594,0.0001479594,0.0001479594
0.0001554891,0.0001554891,0.0001554891,0.0001554891
0.0001631104,0.0001631104,0.0001631104,0.0001631104
0.0001708313,0.0001708313,0.0001708313,0.0001708313
0.0001786484,0.0001786484,0.0001786484,0.0001786484
0.0001865615,0.0001865615,0.0001865615,0.0001865615
0.0001945701,0.0001945701,0.0001945701,0.0001945701
0.0002026738,0.0002026738,0.0002026738,0.0002026738
0.0002108721,0.0002108721,0.0002108721,0.0002108721
0.0002191647,0.0002191647,0.0002191647,0.0002191647
0.0002275511,0.0002275511,0.0002275511,0.0002275511
0.0002360309,0.0002360309,0.0002360309,0.0002360309
0.0002446037,0.0002446037,0.0002446037,0.0002446037
0.0002532690,0.0002532690,0.0002532690,0.0002532690
0.0002620265,0.0002620265,0.0002620265,0.0002620265
0.0002708757,0.0002708757,0.0002708757,0.0002708757
0.0002798163,0.0002798163,0.0002798163,0.0002798163
0.0002888477,0.0002888477,0.0002888477,0.0002888477
0.0002979696,0.0002979696,0.0002979696,0.0002979696
0.0003071815,0.0003071815,0.0003071815,0.0003071815
0.0003164831,0.0003164831,0.0003164831,0.0003164831
0.0003258738,0.0003258738,0.0003258738,0.0003258738
0.0003353534,0.0003353534,0.0003353534,0.0003353534
0.0003449214,0.0003449214,0.0003449214,0.0003449214
0.0003545773,0.0003545773,0.0003545773,0.0003545773
0.0003643207,0.0003643207,0.0003643207,0.0003643207
0.0003741513,0.0003741513,0.0003741513,0.0003741513
0.0003840685,0.0003840685,0.0003840685,0.0003840685
0.0003940721,0.0003940721,0.0003940721,0.0003940721
0.0004041615,0.0004041615,0.0004041615,0.0004041615
0.0004143363,0.0004143363,0.0004143363,0.0004143363
0.0004245962,0.0004245962,0.0004245962,0.0004245962
0.0004349407,0.0004349407,0.0004349407,0.0004349407
0.0004453694,0.0004453694,0.0004453694,0.0004453694
0.0004558818,0.0004558818,0.0004558818,0.0004558818
0.0004664776,0.0004664776,0.0004664776,0.0004664776
0.0004771563,0.0004771563,0.0004771563,0.0004771563
0.0004879175,0.0004879175,0.0004879175,0.0004879175
0.0004987609,0.0004987609,0.0004987609,0.0004987609
0.0005096859,0.0005096859,0.0005096859,0.0005096859
0.0005206921,0.0005206921,0.0005206921,0.0005206921
0.0005317792,0.0005317792,0.0005317792,0.0005317792
0.0005429467,0.0005429467,0.0005429467,0.0005429467
0.0005541942,0.0005541942,0.0005541942,0.0005541942
0.0005655213,0.0005655213,0.0005655213,0.0005655213
0.0005769275,0.0005769275,0.0005769275,0.0005769275
0.0005884125,0.0005884125,0.0005884125,0.0005884125
0.0005999758,0.0005999758,0.0005999758,0.0005999758
0.0006116171,0.0006116171,0.0006116171,0.0006116171
0.0006233358,0.0006233358,0.0006233358,0.0006233358
0.0006351315,0.0006351315,0.0006351315,0.0006351315
0.0006470039,0.0006470039,0.0006470039,0.0006470039
0.0006589526,0.0006589526,0.0006589526,0.0006589526
0.0006709770,0.0006709770,0.0006709770,0.0006709770
0.0006830769,0.0006830769,0.0006830769,0.0006830769
0.0006952517,0.0006952517,0.0006952517,0.0006952517
0.0007075011,0.0007075011,0.0007075011,0.0007075011
0.0007198246,0.0007198246,0.0007198246,0.0007198246
0.0007322218,0.0007322218,0.0007322218,0.0007322218
0.0007446923,0.0007446923,0.0007446923,0.0007446923
0.0007572357,0.0007572357,0.0007572357,0.0007572357
0.0007698516,0.0007698516,0.0007698516,0.0007698516
0.0007825395,0.0007825395,0.0007825395,0.0007825395
0.0007952990,0.0007952990,0.0007952990,0.0007952990
0.0008081297,0.0008081297,0.0008081297,0.0008081297
0.0008210312,0.0008210312,0.0008210312,0.0008210312
0.0008340031,0.0008340031,0.0008340031,0.0008340031
0.0008470449,0.0008470449,0.0008470449,0.0008470449
0.0008601562,0.0008601562,0.0008601562,0.0008601562
0.0008733367,0.0008733367,0.0008733367,0.0008733367
0.0008865858,0.0008865858,0.0008865858,0.0008865858
0.0008999032,0.0008999032,0.0008999032,0.0008999032
0.0009132885,0.0009132885,0.0009132885,0.0009132885
0.0009267412,0.0009267412,0.0009267412,0.0009267412
0.0009402609,0.0009402609,0.0009402609,0.0009402609
0.0009538472,0.0009538472,0.0009538472,0.0009538472
0.0009674997,0.0009674997,0.0009674997,0.0009674997
0.0009812179,0.0009812179,0.0009812179,0.0009812179
0.0009950015,0.0009950015,0.0009950015,0.0009950015
0.0010088500,0.0010088500,0.0010088500,0.0010088500
0.0010227630,0.0010227630,0.0010227630,0.0010227630
0.0010367401,0.0010367401,0.0010367401,0.0010367401
0.0010507808,0.0010507808,0.0010507808,0.0010507808
0.0010648848,0.0010648848,0.0010648848,0.0010648848
0.0010790516,0.0010790516,0.0010790516,0.0010790516
0.0010932809,0.0010932809,0.0010932809,0.0010932809
0.0011075721,0.0011075721,0.0011075721,0.0011075721
0.0011219249,0.0011219249,0.0011219249,0.0011219249
0.0011363388,0.0011363388,0.0011363388,0.0011363388
0.0011508134,0.0011508134,0.0011508134,0.0011508134
0.0011653484,0.0011653484,0.0011653484,0.0011653484
0.0011799433,0.0011799433,0.0011799433,0.0011799433
0.0011945976,0.0011945976,0.0011945976,0.0011945976
0.0012093110,0.0012093110,0.0012093110,0.0012093110
0.0012240831,0.0012240831,0.0012240831,0.0012240831
0.0012389133,0.0012389133,0.0012389133,0.0012389133
0.0012538014,0.0012538014,0.0012538014,0.0012538014
0.0012687468,0.0012687468,0.0012687468,0.0012687468
0.0012837492,0.0012837492,0.0012837492,0.0012837492
0.0012988081,0.0012988081,0.0012988081,0.0012988081
0.0013139232,0.0013139232,0.0013139232,0.0013139232
0.0013290939,0.0013290939,0.0013290939,0.0013290939
0.0013443200,0.0013443200,0.0013443200,0.0013443200
0.0013596009,0.0013596009,0.0013596009,0.0013596009
0.0013749363,0.0013749363,0.0013749363,0.0013749363
0.0013903257,0.0013903257,0.0013903257,0.0013903257
0.0014057687,0.0014057687,0.0014057687,0.0014057687
0.0014212649,0.0014212649,0.0014212649,0.0014212649
0.0014368139,0.0014368139,0.0014368139,0.0014368139
0.0014524152,0.0014524152,0.0014524152,0.0014524152
0.0014680684,0.0014680684,0.0014680684,0.0014680684
0.0014837732,0.0014837732,0.0014837732,0.0014837732
0.0014995291,0.0014995291,0.0014995291,0.0014995291
0.0015153357,0.0015153357,0.0015153357,0.0015153357
0.0015311925,0.0015311925,0.0015311925,0.0015311925
0.0015470991,0.0015470991,0.0015470991,0.0015470991
0.0015630552,0.0015630552,0.0015630552,0.0015630552
0.0015790603,0.0015790603,0.0015790603,0.0015790603
0.0015951140,0.0015951140,0.0015951140,0.0015951140
0.0016046566,0.0016046566,0.0016046566,0.0016046566
0.0016027781,0.0016027781,0.0016027781,0.0016027781
0.0016008712,0.0016008712,0.0016008712,0.0016008712
0.0015989359,0.0015989359,0.0015989359,0.0015989359
0.0015969723,0.0015969723,0.0015969723,0.0015969723
0.0015949803,0.0015949803,0.0015949803,0.0015949803
0.0015929600,0.0015929600,0.0015929600,0.0015929600
0.0015909114,0.0015909114,0.0015909114,0.0015909114
0.0015888345,0.0015888345,0.0015888345,0.0015888345
0.0015867293,0.0015867293,0.0015867293,0.0015867293
0.0015845959,0.0015845959,0.0015845959,0.0015845959
0.0015824342,0.0015824342,0.0015824342,0.0015824342
0.0015802444,0.0015802444,0.0015802444,0.0015802444
0.0015780264,0.0015780264,0.0015780264,0.0015780264
0.0015757803,0.0015757803,0.0015757803,0.0015757803
0.0015735060,0.0015735060,0.0015735060,0.0015735060
0.0015712037,0.0015712037,0.0015712037,0.0015712037
0.0015688733,0.0015688733,0.0015688733,0.0015688733
0.0015665150,0.0015665150,0.0015665150,0.0015665150
0.0015641286,0.0015641286,0.0015641286,0.0015641286
0.0015617143,0.0015617143,0.0015617143,0.0015617143
0.0015592722,0.0015592722,0.0015592722,0.0015592722
0.0015568021,0.0015568021,0.0015568021,0.0015568021
0.0015543043,0.0015543043,0.0015543043,0.0015543043
0.0015517787,0.0015517787,0.0015517787,0.0015517787
0.0015492253,0.0015492253,0.0015492253,0.0015492253
0.0015466443,0.0015466443,0.0015466443,0.0015466443
0.0015440356,0.0015440356,0.0015440356,0.0015440356
0.0015413993,0.0015413993,0.0015413993,0.0015413993
0.0015387355,0.0015387355,0.0015387355,0.0015387355
0.0015360442,0.0015360442,0.0015360442,0.0015360442
0.0015333254,0.0015333254,0.0015333254,0.0015333254
0.0015305793,0.0015305793,0.0015305793,0.0015305793
0.0015278057,0.0015278057,0.0015278057,0.0015278057
0.0015250050,0.0015250050,0.0015250050,0.0015250050
0.0015221769,0.0015221769,0.0015221769,0.0015221769
0.0015193217,0.0015193217,0.0015193217,0.0015193217
0.0015164394,0.0015164394,0.0015164394,0.0015164394
0.0015135300,0.0015135300,0.0015135300,0.0015135300
0.0015105936,0.0015105936,0.0015105936,0.0015105936
0.0015076302,0.0015076302,0.0015076302,0.0015076302
0.0015046400,0.0015046400,0.0015046400,0.0015046400
0.0015016229,0.0015016229,0.0015016229,0.0015016229
0.0014985791,0.0014985791,0.0014985791,0.0014985791
0.0014955085,0.0014955085,0.0014955085,0.0014955085
0.0014924114,0.0014924114,0.0014924114,0.0014924114
0.0014892876,0.0014892876,0.0014892876,0.0014892876
0.0014861374,0.0014861374,0.0014861374,0.0014861374
0.0014829607,0.0014829607,0.0014829607,0.0014829607
0.0014797576,0.0014797576,0.0014797576,0.0014797576
0.0014765283,0.0014765283,0.0014765283,0.0014765283
0.0014732727,0.0014732727,0.0014732727,0.0014732727
0.0014699909,0.0014699909,0.0014699909,0.0014699909
0.0014666831,0.0014666831,0.0014666831,0.0014666831
0.0014633492,0.0014633492,0.0014633492,0.0014633492
0.0014599894,0.0014599894,0.0014599894,0.0014599894
0.0014566037,0.0014566037,0.0014566037,0.0014566037
0.0014531922,0.0014531922,0.0014531922,0.0014531922
0.0014497549,0.0014497549,0.0014497549,0.0014497549
0.0014462921,0.0014462921,0.0014462921,0.0014462921
0.0014428036,0.0014428036,0.0014428036,0.0014428036
0.0014392897,0.0014392897,0.0014392897,0.0014392897
0.0014357503,0.0014357503,0.0014357503,0.0014357503
0.0014321856,0.0014321856,0.0014321856,0.0014321856
0.0014285956,0.0014285956,0.0014285956,0.0014285956
0.0014249804,0.0014249804,0.0014249804,0.0014249804
0.0014213402,0.0014213402,0.0014213402,0.0014213402
0.0014176749,0.0014176749,0.0014176749,0.0014176749
0.0014139846,0.0014139846,0.0014139846,0.0014139846
0.0014102695,0.0014102695,0.0014102695,0.0014102695
0.0014065297,0.0014065297,0.0014065297,0.0014065297
0.0014027651,0.0014027651,0.0014027651,0.0014027651
0.0013989759,0.0013989759,0.0013989759,0.0013989759
0.0013951622,0.0013951622,0.0013951622,0.0013951622
0.0013913241,0.0013913241,0.0013913241,0.0013913241
0.0013874615,0.0013874615,0.0013874615,0.0013874615
0.0013835748,0.0013835748,0.0013835748,0.0013835748
0.0013796638,0.0013796638,0.0013796638,0.0013796638
0.0013757287,0.0013757287,0.0013757287,0.0013757287
0.0013717697,0.0013717697,0.0013717697,0.0013717697
0.0013677867,0.0013677867,0.0013677867,0.0013677867
0.0013637798,0.0013637798,0.0013637798,0.0013637798
0.0013597493,0.0013597493,0.0013597493,0.0013597493
0.0013556950,0.0013556950,0.0013556950,0.0013556950
0.0013516172,0.0013516172,0.0013516172,0.0013516172
0.0013475159,0.0013475159,0.0013475159,0.0013475159
0.0013433913,0.0013433913,0.0013433913,0.0013433913
0.0013392433,0.0013392433,0.0013392433,0.0013392433
0.0013350721,0.0013350721,0.0013350721,0.0013350721
0.0013308778,0.0013308778,0.0013308778,0.0013308778
0.0013266605,0.0013266605,0.0013266605,0.0013266605
0.0013224203,0.0013224203,0.0013224203,0.0013224203
0.0013181572,0.0013181572,0.0013181572,0.0013181572
0.0013138714,0.0013138714,0.0013138714,0.0013138714
0.0013095629,0.0013095629,0.0013095629,0.0013095629
0.0013052319,0.0013052319,0.0013052319,0.0013052319
0.0013008784,0.0013008784,0.0013008784,0.0013008784
0.0012965025,0.0012965025,0.0012965025,0.0012965025
0.0012921044,0.0012921044,0.0012921044,0.0012921044
0.0012876840,0.0012876840,0.0012876840,0.0012876840
0.0012832416,0.0012832416,0.0012832416,0.0012832416
0.0012787772,0.0012787772,0.0012787772,0.0012787772
0.0012742909,0.0012742909,0.0012742909,0.0012742909
0.0012697829,0.0012697829,0.0012697829,0.0012697829
0.0012652531,0.0012652531,0.0012652531,0.0012652531
0.0012607017,0.0012607017,0.0012607017,0.0012607017
0.0012561288,0.0012561288,0.0012561288,0.0012561288
0.0012515345,0.0012515345,0.0012515345,0.0012515345
0.0012469188,0.0012469188,0.0012469188,0.0012469188
0.0012422820,0.0012422820,0.0012422820,0.0012422820
0.0012376240,0.0012376240,0.0012376240,0.0012376240
0.0012329450,0.0012329450,0.0012329450,0.0012329450
0.0012282451,0.0012282451,0.0012282451,0.0012282451
0.0012235244,0.0012235244,0.0012235244,0.0012235244
0.0012187829,0.0012187829,0.0012187829,0.0012187829
0.0012140208,0.0012140208,0.0012140208,0.0012140208
0.0012092382,0.0012092382,0.0012092382,0.0012092382
0.0012044351,0.0012044351,0.0012044351,0.0012044351
0.0011996117,0.0011996117,0.0011996117,0.0011996117
0.0011947681,0.0011947681,0.0011947681,0.0011947681
0.0011899043,0.0011899043,0.0011899043,0.0011899043
0.0011850205,0.0011850205,0.0011850205,0.0011850205
0.0011801168,0.0011801168,0.0011801168,0.0011801168
0.0011751932,0.0011751932,0.0011751932,0.0011751932
0.0011702499,0.0011702499,0.0011702499,0.0011702499
0.0011652869,0.0011652869,0.0011652869,0.0011652869
0.0011603044,0.0011603044,0.0011603044,0.0011603044
0.0011553024,0.0011553024,0.0011553024,0.0011553024
0.0011502812,0.0011502812,0.0011502812,0.0011502812
0.0011452406,0.0011452406,0.0011452406,0.0011452406
0.0011401810,0.0011401810,0.0011401810,0.0011401810
0.0011351022,0.0011351022,0.0011351022,0.0011351022
0.0011300046,0.0011300046,0.0011300046,0.0011300046
0.0011248355,0.0011248355,0.0011248355,0.0011248355
0.0011197534,0.0011197534,0.0011197534,0.0011197534
0.0011145474,0.0011145474,0.0011145474,0.0011145474
0.0011094277,0.0011094277,0.0011094277,0.0011094277
0.0011041851,0.0011041851,0.0011041851,0.0011041851
0.0010990282,0.0010990282,0.0010990282,0.0010990282
0.0010937494,0.0010937494,0.0010937494,0.0010937494
0.0010885557,0.0010885557,0.0010885557,0.0010885557
0.0010832412,0.0010832412,0.0010832412,0.0010832412
0.0010780110,0.0010780110,0.0010780110,0.0010780110
0.0010726612,0.0010726612,0.0010726612,0.0010726612
0.0010673949,0.0010673949,0.0010673949,0.0010673949
0.0010620102,0.0010620102,0.0010620102,0.0010620102
0.0010567083,0.0010567083,0.0010567083,0.0010567083
0.0010512890,0.0010512890,0.0010512890,0.0010512890
0.0010459519,0.0010459519,0.0010459519,0.0010459519
0.0010404985,0.0010404985,0.0010404985,0.0010404985
0.0010351264,0.0010351264,0.0010351264,0.0010351264
0.0010296393,0.0010296393,0.0010296393,0.0010296393
0.0010242328,0.0010242328,0.0010242328,0.0010242328
0.0010187124,0.0010187124,0.0010187124,0.0010187124
0.0010132717,0.0010132717,0.0010132717,0.0010132717
0.0010077184,0.0010077184,0.0010077184,0.0010077184
0.0010022441,0.0010022441,0.0010022441,0.0010022441
0.0009966582,0.0009966582,0.0009966582,0.0009966582
0.0009911506,0.0009911506,0.0009911506,0.0009911506
0.0009855326,0.0009855326,0.0009855326,0.0009855326
0.0009799921,0.0009799921,0.0009799921,0.0009799921
0.0009743424,0.0009743424,0.0009743424,0.0009743424
0.0009687694,0.0009687694,0.0009687694,0.0009687694
0.0009630883,0.0009630883,0.0009630883,0.0009630883
0.0009574832,0.0009574832,0.0009574832,0.0009574832
0.0009517712,0.0009517712,0.0009517712,0.0009517712
0.0009461343,0.0009461343,0.0009461343,0.0009461343
0.0009403918,0.0009403918,0.0009403918,0.0009403918
0.0009347235,0.0009347235,0.0009347235,0.0009347235
0.0009289508,0.0009289508,0.0009289508,0.0009289508
0.0009232516,0.0009232516,0.0009232516,0.0009232516
0.0009174492,0.0009174492,0.0009174492,0.0009174492
0.0009117194,0.0009117194,0.0009117194,0.0009117194
0.0009058876,0.0009058876,0.0009058876,0.0009058876
0.0009001276,0.0009001276,0.0009001276,0.0009001276
0.0008942668,0.0008942668,0.0008942668,0.0008942668
0.0008884770,0.0008884770,0.0008884770,0.0008884770
0.0008825876,0.0008825876,0.0008825876,0.0008825876
0.0008767684,0.0008767684,0.0008767684,0.0008767684
0.0008708507,0.0008708507,0.0008708507,0.0008708507
0.0008650025,0.0008650025,0.0008650025,0.0008650025
0.0008590570,0.0008590570,0.0008590570,0.0008590570
0.0008531801,0.0008531801,0.0008531801,0.0008531801
0.0008472072,0.0008472072,0.0008472072,0.0008472072
0.0008413019,0.0008413019,0.0008413019,0.0008413019
0.0008353020,0.0008353020,0.0008353020,0.0008353020
0.0008293688,0.0008293688,0.0008293688,0.0008293688
0.0008233421,0.0008233421,0.0008233421,0.0008233421
0.0008173814,0.0008173814,0.0008173814,0.0008173814
0.0008113284,0.0008113284,0.0008113284,0.0008113284
0.0008053405,0.0008053405,0.0008053405,0.0008053405
0.0007992616,0.0007992616,0.0007992616,0.0007992616
0.0007932469,0.0007932469,0.0007932469,0.0007932469
0.0007871424,0.0007871424,0.0007871424,0.0007871424
0.0007811012,0.0007811012,0.0007811012,0.0007811012
0.0007749716,0.0007749716,0.0007749716,0.0007749716
0.0007689043,0.0007689043,0.0007689043,0.0007689043
0.0007627498,0.0007627498,0.0007627498,0.0007627498
0.0007566568,0.0007566568,0.0007566568,0.0007566568
0.0007504779,0.0007504779,0.0007504779,0.0007504779
0.0007443595,0.0007443595,0.0007443595,0.0007443595
0.0007381565,0.0007381565,0.0007381565,0.0007381565
0.0007320131,0.0007320131,0.0007320131,0.0007320131
0.0007257864,0.0007257864,0.0007257864,0.0007257864
0.0007196183,0.0007196183,0.0007196183,0.0007196183
0.0007133682,0.0007133682,0.0007133682,0.0007133682
0.0007071759,0.0007071759,0.0007071759,0.0007071759
0.0007009028,0.0007009028,0.0007009028,0.0007009028
0.0006946865,0.0006946865,0.0006946865,0.0006946865
0.0006883907,0.0006883907,0.0006883907,0.0006883907
0.0006821509,0.0006821509,0.0006821509,0.0006821509
0.0006758328,0.0006758328,0.0006758328,0.0006758328
0.0006695697,0.0006695697,0.0006695697,0.0006695697
0.0006632296,0.0006632296,0.0006632296,0.0006632296
0.0006569436,0.0006569436,0.0006569436,0.0006569436
0.0006505820,0.0006505820,0.0006505820,0.0006505820
0.0006442735,0.0006442735,0.0006442735,0.0006442735
0.0006378905,0.0006378905,0.0006378905,0.0006378905
0.0006315598,0.0006315598,0.0006315598,0.0006315598
0.0006251560,0.0006251560,0.0006251560,0.0006251560
0.0006188033,0.0006188033,0.0006188033,0.0006188033
0.0006123789,0.0006123789,0.0006123789,0.0006123789
0.0006059447,0.0006059447,0.0006059447,0.0006059447
0.0005995904,0.0005995904,0.0005995904,0.0005995904
0.0005931358,0.0005931358,0.0005931358,0.0005931358
0.0005866716,0.0005866716,0.0005866716,0.0005866716
0.0005802850,0.0005802850,0.0005802850,0.0005802850
0.0005738009,0.0005738009,0.0005738009,0.0005738009
0.0005673074,0.0005673074,0.0005673074,0.0005673074
0.0005608893,0.0005608893,0.0005608893,0.0005608893
0.0005543764,0.0005543764,0.0005543764,0.0005543764
0.0005478545,0.0005478545,0.0005478545,0.0005478545
0.0005414055,0.0005414055,0.0005414055,0.0005414055
0.0005348647,0.0005348647,0.0005348647,0.0005348647
0.0005283150,0.0005283150,0.0005283150,0.0005283150
0.0005218359,0.0005218359,0.0005218359,0.0005218359
0.0005152678,0.0005152678,0.0005152678,0.0005152678
0.0005086911,0.0005086911,0.0005086911,0.0005086911
0.0005021825,0.0005021825,0.0005021825,0.0005021825
0.0004955879,0.0004955879,0.0004955879,0.0004955879
0.0004889849,0.0004889849,0.0004889849,0.0004889849
0.0004824476,0.0004824476,0.0004824476,0.0004824476
0.0004758272,0.0004758272,0.0004758272,0.0004758272
0.0004691985,0.0004691985,0.0004691985,0.0004691985
0.0004626333,0.0004626333,0.0004626333,0.0004626333
0.0004559877,0.0004559877,0.0004559877,0.0004559877
0.0004493341,0.0004493341,0.0004493341,0.0004493341
0.0004427415,0.0004427415,0.0004427415,0.0004427415
0.0004360715,0.0004360715,0.0004360715,0.0004360715
0.0004293937,0.0004293937,0.0004293937,0.0004293937
0.0004227744,0.0004227744,0.0004227744,0.0004227744
0.0004160806,0.0004160806,0.0004160806,0.0004160806
0.0004093793,0.0004093793,0.0004093793,0.0004093793
0.0004026705,0.0004026705,0.0004026705,0.0004026705
0.0003960385,0.0003960385,0.0003960385,0.0003960385
0.0003893140,0.0003893140,0.0003893140,0.0003893140
0.0003825824,0.0003825824,0.0003825824,0.0003825824
0.0003759035,0.0003759035,0.0003759035,0.0003759035
0.0003691568,0.0003691568,0.0003691568,0.0003691568
0.0003624032,0.0003624032,0.0003624032,0.0003624032
0.0003556998,0.0003556998,0.0003556998,0.0003556998
0.0003489316,0.0003489316,0.0003489316,0.0003489316
0.0003421566,0.0003421566,0.0003421566,0.0003421566
0.0003354294,0.0003354294,0.0003354294,0.0003354294
0.0003286403,0.0003286403,0.0003286403,0.0003286403
0.0003218445,0.0003218445,0.0003218445,0.0003218445
0.0003150941,0.0003150941,0.0003150941,0.0003150941
0.0003082847,0.0003082847,0.0003082847,0.0003082847
0.0003014689,0.0003014689,0.0003014689,0.0003014689
0.0002946959,0.0002946959,0.0002946959,0.0002946959
0.0002878668,0.0002878668,0.0002878668,0.0002878668
0.0002810628,0.0002810628,0.0002810628,0.0002810628
0.0002742210,0.0002742210,0.0002742210,0.0002742210
0.0002674031,0.0002674031,0.0002674031,0.0002674031
0.0002605488,0.0002605488,0.0002605488,0.0002605488
0.0002537174,0.0002537174,0.0002537174,0.0002537174
0.0002468509,0.0002468509,0.0002468509,0.0002468509
0.0002400061,0.0002400061,0.0002400061,0.0002400061
0.0002331276,0.0002331276,0.0002331276,0.0002331276
0.0002262698,0.0002262698,0.0002262698,0.0002262698
0.0002193796,0.0002193796,0.0002193796,0.0002193796
0.0002125090,0.0002125090,0.0002125090,0.0002125090
0.0002056073,0.0002056073,0.0002056073,0.0002056073
0.0001987241,0.0001987241,0.0001987241,0.0001987241
0.0001918113,0.0001918113,0.0001918113,0.0001918113
0.0001849159,0.0001849159,0.0001849159,0.0001849159
0.0001779921,0.0001779921,0.0001779921,0.0001779921
0.0001710846,0.0001710846,0.0001710846,0.0001710846
0.0001641501,0.0001641501,0.0001641501,0.0001641501
0.0001572308,0.0001572308,0.0001572308,0.0001572308
0.0001502859,0.0001502859,0.0001502859,0.0001502859
0.0001433551,0.0001433551,0.0001433551,0.0001433551
0.0001364000,0.0001364000,0.0001364000,0.0001364000
0.0001294578,0.0001294578,0.0001294578,0.0001294578
0.0001224928,0.0001224928,0.0001224928,0.0001224928
0.0001155395,0.0001155395,0.0001155395,0.0001155395
0.0001085647,0.0001085647,0.0001085647,0.0001085647
0.0001016006,0.0001016006,0.0001016006,0.0001016006
0.0000946164,0.0000946164,0.0000946164,0.0000946164
0.0000876417,0.0000876417,0.0000876417,0.0000876417
0.0000806482,0.0000806482,0.0000806482,0.0000806482
0.0000736631,0.0000736631,0.0000736631,0.0000736631
0.0000666606,0.0000666606,0.0000666606,0.0000666606
0.0000596653,0.0000596653,0.0000596653,0.0000596653
0.0000526541,0.0000526541,0.0000526541,0.0000526541
0.0000456489,0.0000456489,0.0000456489,0.0000456489
0.0000386290,0.0000386290,0.0000386290,0.0000386290
0.0000316141,0.0000316141,0.0000316141,0.0000316141
0.0000245859,0.0000245859,0.0000245859,0.0000245859
0.0000175615,0.0000175615,0.0000175615,0.0000175615
0.0000105252,0.0000105252,0.0000105252,0.0000105252
0.0000034915,0.0000034915,0.0000034915,0.0000034915
-0.0000035527,-0.0000035527,-0.0000035527,-0.0000035527
-0.0000105954,-0.0000105954,-0.0000105954,-0.0000105954
-0.0000176473,-0.0000176473,-0.0000176473,-0.0000176473
-0.0000246989,-0.0000246989,-0.0000246989,-0.0000246989
-0.0000317583,-0.0000317583,-0.0000317583,-0.0000317583
-0.0000388185,-0.0000388185,-0.0000388185,-0.0000388185
-0.0000458852,-0.0000458852,-0.0000458852,-0.0000458852
-0.0000529539,-0.0000529539,-0.0000529539,-0.0000529539
-0.0000600273,-0.0000600273,-0.0000600273,-0.0000600273
-0.0000671045,-0.0000671045,-0.0000671045,-0.0000671045
-0.0000741855,-0.0000741855,-0.0000741855,-0.0000741855
-0.0000812701,-0.0000812701,-0.0000812701,-0.0000812701
-0.0000883583,-0.0000883583,-0.0000883583,-0.0000883583
-0.0000954501,-0.0000954501,-0.0000954501,-0.0000954501
-0.0001025455,-0.0001025455,-0.0001025455,-0.0001025455
-0.0001096443,-0.0001096443,-0.0001096443,-0.0001096443
-0.0001167466,-0.0001167466,-0.0001167466,-0.0001167466
-0.0001238522,-0.0001238522,-0.0001238522,-0.0001238522
-0.0001309612,-0.0001309612,-0.0001309612,-0.0001309612
-0.0001380734,-0.0001380734,-0.0001380734,-0.0001380734
-0.0001451889,-0.0001451889,-0.0001451889,-0.0001451889
-0.0001523076,-0.0001523076,-0.0001523076,-0.0001523076
-0.0001594295,-0.0001594295,-0.0001594295,-0.0001594295
-0.0001665544,-0.0001665544,-0.0001665544,-0.0001665544
-0.0001736824,-0.0001736824,-0.0001736824,-0.0001736824
-0.0001808134,-0.0001808134,-0.0001808134,-0.0001808134
-0.0001879474,-0.0001879474,-0.0001879474,-0.0001879474
-0.0001950843,-0.0001950843,-0.0001950843,-0.0001950843
-0.0002022241,-0.0002022241,-0.0002022241,-0.0002022241
-0.0002093667,-0.0002093667,-0.0002093667,-0.0002093667
-0.0002165122,-0.0002165122,-0.0002165122,-0.0002165122
-0.0002236603,-0.0002236603,-0.0002236603,-0.0002236603
-0.0002308112,-0.0002308112,-0.0002308112,-0.0002308112
-0.0002379647,-0.0002379647,-0.0002379647,-0.0002379647
-0.0002451209,-0.0002451209,-0.0002451209,-0.0002451209
-0.0002522796,-0.0002522796,-0.0002522796,-0.0002522796
-0.0002594409,-0.0002594409,-0.0002594409,-0.0002594409
-0.0002666046,-0.0002666046,-0.0002666046,-0.0002666046
-0.0002737708,-0.0002737708,-0.0002737708,-0.0002737708
-0.0002809395,-0.0002809395,-0.0002809395,-0.0002809395
-0.0002881105,-0.0002881105,-0.0002881105,-0.0002881105
-0.0002952838,-0.0002952838,-0.0002952838,-0.0002952838
-0.0003024594,-0.0003024594,-0.0003024594,-0.0003024594
-0.0003096373,-0.0003096373,-0.0003096373,-0.0003096373
-0.0003168174,-0.0003168174,-0.0003168174,-0.0003168174
-0.0003239997,-0.0003239997,-0.0003239997,-0.0003239997
-0.0003311841,-0.0003311841,-0.0003311841,-0.0003311841
-0.0003383706,-0.0003383706,-0.0003383706,-0.0003383706
-0.0003455592,-0.0003455592,-0.0003455592,-0.0003455592
-0.0003527498,-0.0003527498,-0.0003527498,-0.0003527498
-0.0003599423,-0.0003599423,-0.0003599423,-0.0003599423
-0.0003671369,-0.0003671369,-0.0003671369,-0.0003671369
-0.0003743333,-0.0003743333,-0.0003743333,-0.0003743333
-0.0003815316,-0.0003815316,-0.0003815316,-0.0003815316
-0.0003887318,-0.0003887318,-0.0003887318,-0.0003887318
-0.0003959337,-0.0003959337,-0.0003959337,-0.0003959337
-0.0004031374,-0.0004031374,-0.0004031374,-0.0004031374
-0.0004103429,-0.0004103429,-0.0004103429,-0.0004103429
-0.0004175500,-0.0004175500,-0.0004175500,-0.0004175500
-0.0004247588,-0.0004247588,-0.0004247588,-0.0004247588
-0.0004319693,-0.0004319693,-0.0004319693,-0.0004319693
-0.0004391813,-0.0004391813,-0.0004391813,-0.0004391813
-0.0004463949,-0.0004463949,-0.0004463949,-0.0004463949
-0.0004536100,-0.0004536100,-0.0004536100,-0.0004536100
-0.0004608266,-0.0004608266,-0.0004608266,-0.0004608266
-0.0004680447,-0.0004680447,-0.0004680447,-0.0004680447
-0.0004752642,-0.0004752642,-0.0004752642,-0.0004752642
-0.0004824851,-0.0004824851,-0.0004824851,-0.0004824851
-0.0004897073,-0.0004897073,-0.0004897073,-0.0004897073
-0.0004969309,-0.0004969309,-0.0004969309,-0.0004969309
-0.0005041558,-0.0005041558,-0.0005041558,-0.0005041558
-0.0005113819,-0.0005113819,-0.0005113819,-0.0005113819
-0.0005186093,-0.0005186093,-0.0005186093,-0.0005186093
-0.0005258379,-0.0005258379,-0.0005258379,-0.0005258379
-0.0005330677,-0.0005330677,-0.0005330677,-0.0005330677
-0.0005402986,-0.0005402986,-0.0005402986,-0.0005402986
-0.0005475306,-0.0005475306,-0.0005475306,-0.0005475306
-0.0005547637,-0.0005547637,-0.0005547637,-0.0005547637
-0.0005619979,-0.0005619979,-0.0005619979,-0.0005619979
-0.0005692330,-0.0005692330,-0.0005692330,-0.0005692330
-0.0005764692,-0.0005764692,-0.0005764692,-0.0005764692
-0.0005837064,-0.0005837064,-0.0005837064,-0.0005837064
-0.0005909445,-0.0005909445,-0.0005909445,-0.0005909445
-0.0005981835,-0.0005981835,-0.0005981835,-0.0005981835
-0.0006054233,-0.0006054233,-0.0006054233,-0.0006054233
-0.0006126641,-0.0006126641,-0.0006126641,-0.0006126641
-0.0006199057,-0.0006199057,-0.0006199057,-0.0006199057
-0.0006271480,-0.0006271480,-0.0006271480,-0.0006271480
-0.0006343912,-0.0006343912,-0.0006343912,-0.0006343912
-0.0006416350,-0.0006416350,-0.0006416350,-0.0006416350
-0.0006488797,-0.0006488797,-0.0006488797,-0.0006488797
-0.0006561250,-0.0006561250,-0.0006561250,-0.0006561250
-0.0006633709,-0.0006633709,-0.0006633709,-0.0006633709
-0.0006706176,-0.0006706176,-0.0006706176,-0.0006706176
-0.0006778648,-0.0006778648,-0.0006778648,-0.0006778648
-0.0006851126,-0.0006851126,-0.0006851126,-0.0006851126
-0.0006923610,-0.0006923610,-0.0006923610,-0.0006923610
-0.0006996100,-0.0006996100,-0.0006996100,-0.0006996100
-0.0007068594,-0.0007068594,-0.0007068594,-0.0007068594
-0.0007141094,-0.0007141094,-0.0007141094,-0.0007141094
-0.0007213598,-0.0007213598,-0.0007213598,-0.0007213598
-0.0007286107,-0.0007286107,-0.0007286107,-0.0007286107
-0.0007358620,-0.0007358620,-0.0007358620,-0.0007358620
-0.0007430508,-0.0007302599,-0.0007430507,-0.0007558416
-0.0007501150,-0.0007281912,-0.0007501141,-0.0007720379
-0.0007570557,-0.0007287707,-0.0007570530,-0.0007853379
-0.0007638741,-0.0007313248,-0.0007638680,-0.0007964173
-0.0007705712,-0.0007353401,-0.0007705601,-0.0008057913
-0.0007771482,-0.0007404259,-0.0007771301,-0.0008138524
-0.0007836058,-0.0007462847,-0.0007835790,-0.0008209002
-0.0007899452,-0.0007526902,-0.0007899076,-0.0008271628
-0.0007961673,-0.0007594702,-0.0007961170,-0.0008328144
-0.0008022730,-0.0007664940,-0.0008022080,-0.0008379874
-0.0008082632,-0.0007736624,-0.0008081816,-0.0008427831
-0.0008141387,-0.0007809001,-0.0008140388,-0.0008472784
-0.0008199006,-0.0007881504,-0.0008197806,-0.0008515321
-0.0008255496,-0.0007953702,-0.0008254078,-0.0008555888
-0.0008310866,-0.0008025275,-0.0008309215,-0.0008594827
-0.0008365124,-0.0008095979,-0.0008363225,-0.0008632397
-0.0008418280,-0.0008165637,-0.0008416119,-0.0008668795
-0.0008470342,-0.0008234116,-0.0008467905,-0.0008704170
-0.0008521317,-0.0008301318,-0.0008518593,-0.0008738638
-0.0008571215,-0.0008367177,-0.0008568192,-0.0008772285
-0.0008620044,-0.0008431642,-0.0008616711,-0.0008805175
-0.0008667812,-0.0008494681,-0.0008664159,-0.0008837360
-0.0008714527,-0.0008556275,-0.0008710546,-0.0008868876
-0.0008760197,-0.0008616412,-0.0008755880,-0.0008899752
-0.0008804830,-0.0008675087,-0.0008800169,-0.0008930009
-0.0008848435,-0.0008732303,-0.0008843424,-0.0008959663
-0.0008891019,-0.0008788063,-0.0008885652,-0.0008988726
-0.0008932591,-0.0008842375,-0.0008926863,-0.0009017205
-0.0008973158,-0.0008895251,-0.0008967065,-0.0009045109
-0.0009012728,-0.0008946701,-0.0009006266,-0.0009072440
-0.0009051310,-0.0008996740,-0.0009044476,-0.0009099203
-0.0009088911,-0.0009045381,-0.0009081703,-0.0009125400
-0.0009125539,-0.0009092638,-0.0009117954,-0.0009151032
-0.0009161202,-0.0009138528,-0.0009153240,-0.0009176100
-0.0009195907,-0.0009183066,-0.0009187567,-0.0009200605
-0.0009229663,-0.0009226268,-0.0009220945,-0.0009224546
-0.0009262478,-0.0009268149,-0.0009253382,-0.0009247925
-0.0009294358,-0.0009308726,-0.0009284885,-0.0009270741
-0.0009325312,-0.0009348015,-0.0009315464,-0.0009292993
-0.0009355348,-0.0009386032,-0.0009345127,-0.0009314683
-0.0009384474,-0.0009422793,-0.0009373881,-0.0009335808
-0.0009412697,-0.0009458314,-0.0009401735,-0.0009356371
-0.0009440024,-0.0009492612,-0.0009428697,-0.0009376370
-0.0009466464,-0.0009525701,-0.0009454775,-0.0009395805
-0.0009492024,-0.0009557598,-0.0009479978,-0.0009414676
-0.0009516713,-0.0009588318,-0.0009504312,-0.0009432984
-0.0009540537,-0.0009617877,-0.0009527788,-0.0009450729
-0.0009563505,-0.0009646290,-0.0009550411,-0.0009467911
-0.0009585623,-0.0009673573,-0.0009572192,-0.0009484530
-0.0009606901,-0.0009699741,-0.0009593136,-0.0009500587
-0.0009627345,-0.0009724808,-0.0009613253,-0.0009516083
-0.0009646964,-0.0009748791,-0.0009632551,-0.0009531017
-0.0009665764,-0.0009771703,-0.0009651036,-0.0009545392
-0.0009683755,-0.0009793560,-0.0009668719,-0.0009559207
-0.0009700942,-0.0009814377,-0.0009685605,-0.0009572464
-0.0009717334,-0.0009834166,-0.0009701703,-0.0009585164
-0.0009732940,-0.0009852944,-0.0009717021,-0.0009597308
-0.0009747765,-0.0009870724,-0.0009731567,-0.0009608897
-0.0009761818,-0.0009887521,-0.0009745349,-0.0009619933
-0.0009775107,-0.0009903348,-0.0009758374,-0.0009630417
-0.0009787640,-0.0009918219,-0.0009770650,-0.0009640350
-0.0009799423,-0.0009932149,-0.0009782185,-0.0009649735
-0.0009810465,-0.0009945150,-0.0009792987,-0.0009658572
-0.0009820773,-0.0009957236,-0.0009803064,-0.0009666865
-0.0009830354,-0.0009968421,-0.0009812422,-0.0009674614
-0.0009839217,-0.0009978718,-0.0009821071,-0.0009681823
-0.0009847369,-0.0009988140,-0.0009829017,-0.0009688492
-0.0009854817,-0.0009996700,-0.0009836268,-0.0009694625
-0.0009861570,-0.0010004411,-0.0009842832,-0.0009700222
-0.0009867634,-0.0010011286,-0.0009848716,-0.0009705288
-0.0009873017,-0.0010017337,-0.0009853928,-0.0009709824
-0.0009877726,-0.0010022577,-0.0009858476,-0.0009713833
-0.0009881769,-0.0010027018,-0.0009862367,-0.0009717317
-0.0009885154,-0.0010030672,-0.0009865608,-0.0009720280
-0.0009887888,-0.0010033553,-0.0009868207,-0.0009722723
-0.0009889978,-0.0010035671,-0.0009870172,-0.0009724650
-0.0009891432,-0.0010037038,-0.0009871509,-0.0009726063
-0.0009892256,-0.0010037667,-0.0009872226,-0.0009726966
-0.0009892459,-0.0010037569,-0.0009872331,-0.0009727362
-0.0009892048,-0.0010036756,-0.0009871830,-0.0009727253
-0.0009891029,-0.0010035238,-0.0009870731,-0.0009726643
-0.0009889411,-0.0010033027,-0.0009869041,-0.0009725534
-0.0009887199,-0.0010030135,-0.0009866768,-0.0009723932
-0.0009884403,-0.0010026572,-0.0009863917,-0.0009721837
-0.0009881027,-0.0010022349,-0.0009860498,-0.0009719255
-0.0009877081,-0.0010017477,-0.0009856516,-0.0009716188
-0.0009872570,-0.0010011966,-0.0009851978,-0.0009712639
-0.0009867502,-0.0010005827,-0.0009846892,-0.0009708614
-0.0009861884,-0.0009999071,-0.0009841265,-0.0009704113
-0.0009855722,-0.0009991707,-0.0009835102,-0.0009699143
-0.0009849024,-0.0009983746,-0.0009828412,-0.0009693705
-0.0009841796,-0.0009975198,-0.0009821201,-0.0009687805
-0.0009834046,-0.0009966072,-0.0009813476,-0.0009681445
-0.0009825779,-0.0009956379,-0.0009805243,-0.0009674629
-0.0009817004,-0.0009946128,-0.0009796509,-0.0009667361
-0.0009807726,-0.0009935328,-0.0009787281,-0.0009659644
-0.0009797952,-0.0009923989,-0.0009777565,-0.0009651484
-0.0009787688,-0.0009912121,-0.0009767368,-0.0009642883
-0.0009776942,-0.0009899731,-0.0009756697,-0.0009633845
-0.0009765720,-0.0009886830,-0.0009745556,-0.0009624375
-0.0009754028,-0.0009873426,-0.0009733954,-0.0009614476
-0.0009741873,-0.0009859528,-0.0009721896,-0.0009604152
-0.0009729260,-0.0009845145,-0.0009709389,-0.0009593407
-0.0009716197,-0.0009830285,-0.0009696439,-0.0009582246
-0.0009702690,-0.0009814957,-0.0009683051,-0.0009570671
-0.0009688744,-0.0009799169,-0.0009669233,-0.0009558688
-0.0009674366,-0.0009782929,-0.0009654990,-0.0009546300
-0.0009659563,-0.0009766245,-0.0009640328,-0.0009533511
-0.0009644339,-0.0009749126,-0.0009625253,-0.0009520326
-0.0009628702,-0.0009731579,-0.0009609771,-0.0009506748
-0.0009612657,-0.0009713611,-0.0009593888,-0.0009492781
-0.0009596210,-0.0009695232,-0.0009577610,-0.0009478429
-0.0009579367,-0.0009676447,-0.0009560942,-0.0009463698
-0.0009562133,-0.0009657265,-0.0009543890,-0.0009448590
-0.0009544515,-0.0009637692,-0.0009526460,-0.0009433109
-0.0009526518,-0.0009617737,-0.0009508658,-0.0009417261
-0.0009508148,-0.0009597406,-0.0009490488,-0.0009401048
-0.0009489411,-0.0009576706,-0.0009471957,-0.0009384475
-0.0009470311,-0.0009555644,-0.0009453070,-0.0009367547
-0.0009450855,-0.0009534227,-0.0009433831,-0.0009350266
-0.0009431048,-0.0009512461,-0.0009414248,-0.0009332638
-0.0009410896,-0.0009490354,-0.0009394324,-0.0009314666
-0.0009390403,-0.0009467911,-0.0009374065,-0.0009296355
-0.0009369575,-0.0009445140,-0.0009353477,-0.0009277708
-0.0009348417,-0.0009422046,-0.0009332564,-0.0009258729
-0.0009326935,-0.0009398635,-0.0009311331,-0.0009239423
-0.0009305133,-0.0009374915,-0.0009289784,-0.0009219794
-0.0009283017,-0.0009350890,-0.0009267927,-0.0009199845
-0.0009260592,-0.0009326567,-0.0009245766,-0.0009179581
-0.0009237862,-0.0009301951,-0.0009223305,-0.0009159005
-0.0009214833,-0.0009277049,-0.0009200549,-0.0009138123
-0.0009191510,-0.0009251866,-0.0009177503,-0.0009116936
-0.0009167897,-0.0009226407,-0.0009154172,-0.0009095451
-0.0009144000,-0.0009200679,-0.0009130560,-0.0009073670
-0.0009119822,-0.0009174686,-0.0009106672,-0.0009051598
-0.0009095369,-0.0009148435,-0.0009082512,-0.0009029238
-0.0009070645,-0.0009121929,-0.0009058085,-0.0009006595
-0.0009045656,-0.0009095175,-0.0009033396,-0.0008983672
-0.0009020404,-0.0009068177,-0.0009008449,-0.0008960473
-0.0008994896,-0.0009040941,-0.0008983249,-0.0008937002
-0.0008968495,-0.0009012805,-0.0008957611,-0.0008913101
-0.0008943190,-0.0008985843,-0.0008932050,-0.0008889200
-0.0008916283,-0.0008957254,-0.0008905944,-0.0008864779
-0.0008890491,-0.0008929824,-0.0008879908,-0.0008840382
-0.0008863100,-0.0008900807,-0.0008853346,-0.0008815451
-0.0008836834,-0.0008872927,-0.0008826852,-0.0008790574
-0.0008808982,-0.0008843504,-0.0008799849,-0.0008765144
-0.0008782262,-0.0008815196,-0.0008772911,-0.0008739797
-0.0008753966,-0.0008785387,-0.0008745479,-0.0008713881
-0.0008726809,-0.0008756672,-0.0008718112,-0.0008688077
-0.0008698089,-0.0008726496,-0.0008690265,-0.0008661689
-0.0008670513,-0.0008697392,-0.0008662484,-0.0008635440
-0.0008641384,-0.0008666867,-0.0008634237,-0.0008608594
-0.0008613405,-0.0008637392,-0.0008606057,-0.0008581914
-0.0008583884,-0.0008606533,-0.0008577425,-0.0008554625
-0.0008555519,-0.0008576705,-0.0008548861,-0.0008527526
-0.0008525621,-0.0008545528,-0.0008519858,-0.0008499809
-0.0008496884,-0.0008515363,-0.0008490924,-0.0008472306
-0.0008466625,-0.0008483882,-0.0008461566,-0.0008444175
-0.0008437531,-0.0008453397,-0.0008432275,-0.0008416280
-0.0008406927,-0.0008421627,-0.0008402575,-0.0008387750
-0.0008377490,-0.0008390836,-0.0008372944,-0.0008359477
-0.0008346554,-0.0008358792,-0.0008342916,-0.0008330564
-0.0008316789,-0.0008327711,-0.0008312957,-0.0008301925
-0.0008285536,-0.0008295404,-0.0008282615,-0.0008272642
-0.0008255457,-0.0008264048,-0.0008252342,-0.0008243651
-0.0008223901,-0.0008231493,-0.0008221700,-0.0008214014
-0.0008193522,-0.0008199875,-0.0008191127,-0.0008184683
-0.0008161676,-0.0008167084,-0.0008160198,-0.0008154705
-0.0008131009,-0.0008135219,-0.0008129337,-0.0008125047
-0.0008098888,-0.0008102205,-0.0008098134,-0.0008094742
-0.0008067947,-0.0008070106,-0.0008066998,-0.0008064770
-0.0008035563,-0.0008036879,-0.0008035533,-0.0008034152
-0.0008004361,-0.0008004560,-0.0008004137,-0.0008003878
-0.0007971727,-0.0007971133,-0.0007972423,-0.0007972961
-0.0007940276,-0.0007938606,-0.0007940777,-0.0007942397
-0.0007907405,-0.0007904991,-0.0007908826,-0.0007911195
-0.0007875718,-0.0007872267,-0.0007876942,-0.0007880353
-0.0007842622,-0.0007838475,-0.0007844767,-0.0007848879
-0.0007810711,-0.0007805568,-0.0007812658,-0.0007817772
-0.0007777403,-0.0007771609,-0.0007780269,-0.0007786038
-0.0007745280,-0.0007738531,-0.0007747948,-0.0007754677
-0.0007711770,-0.0007704414,-0.0007715357,-0.0007722698
-0.0007679447,-0.0007671177,-0.0007682834,-0.0007691093
-0.0007645748,-0.0007636914,-0.0007650053,-0.0007658881
-0.0007613236,-0.0007603528,-0.0007617339,-0.0007627046
-0.0007579360,-0.0007569129,-0.0007584379,-0.0007594613
-0.0007546670,-0.0007535605,-0.0007551486,-0.0007562559
-0.0007512628,-0.0007501080,-0.0007518358,-0.0007529918
-0.0007479771,-0.0007467429,-0.0007485296,-0.0007497655
-0.0007445574,-0.0007432787,-0.0007452011,-0.0007464818
-0.0007412561,-0.0007399020,-0.0007418791,-0.0007432358
-0.0007378220,-0.0007364270,-0.0007385359,-0.0007399338
-0.0007345062,-0.0007330396,-0.0007351992,-0.0007366691
-0.0007310587,-0.0007295548,-0.0007318423,-0.0007333499
-0.0007277294,-0.0007261578,-0.0007284919,-0.0007300676
-0.0007242696,-0.0007226641,-0.0007251224,-0.0007267324
-0.0007209279,-0.0007192584,-0.0007217593,-0.0007234337
-0.0007174568,-0.0007157566,-0.0007183781,-0.0007200836
-0.0007141036,-0.0007123432,-0.0007150034,-0.0007167694
-0.0007106222,-0.0007088341,-0.0007116115,-0.0007134055
-0.0007072586,-0.0007054140,-0.0007082260,-0.0007100769
-0.0007037679,-0.0007018985,-0.0007048244,-0.0007067004
-0.0007003947,-0.0006984726,-0.0007014292,-0.0007033584
-0.0006968958,-0.0006949515,-0.0006980188,-0.0006999704
-0.0006935141,-0.0006915205,-0.0006946149,-0.0006966160
-0.0006900078,-0.0006879947,-0.0006911966,-0.0006932176
-0.0006866184,-0.0006845597,-0.0006877848,-0.0006898517
-0.0006831057,-0.0006810299,-0.0006843596,-0.0006864439
-0.0006797096,-0.0006775915,-0.0006809408,-0.0006830676
-0.0006761914,-0.0006740585,-0.0006775095,-0.0006796514
-0.0006727895,-0.0006706178,-0.0006740847,-0.0006762657
-0.0006692667,-0.0006670823,-0.0006706482,-0.0006728422
-0.0006658599,-0.0006636399,-0.0006672182,-0.0006694479
-0.0006623334,-0.0006601028,-0.0006637774,-0.0006660180
-0.0006589225,-0.0006566596,-0.0006603430,-0.0006626162
-0.0006553931,-0.0006531214,-0.0006568988,-0.0006591810
-0.0006519790,-0.0006496782,-0.0006534610,-0.0006557724
-0.0006484477,-0.0006461398,-0.0006500141,-0.0006523328
-0.0006450312,-0.0006426973,-0.0006465736,-0.0006489185
-0.0006415530,-0.0006392059,-0.0006431313,-0.0006454896
-0.0006380743,-0.0006357144,-0.0006396883,-0.0006420595
-0.0006345960,-0.0006322242,-0.0006362441,-0.0006386274
-0.0006311182,-0.0006287353,-0.0006327989,-0.0006351935
-0.0006276410,-0.0006252479,-0.0006293533,-0.0006317582
-0.0006241645,-0.0006217621,-0.0006259073,-0.0006283216
-0.0006206887,-0.0006182780,-0.0006224614,-0.0006248842
-0.0006172138,-0.0006147956,-0.0006190157,-0.0006214461
-0.0006137400,-0.0006113153,-0.0006155705,-0.0006180075
-0.0006102674,-0.0006078370,-0.0006121261,-0.0006145688
-0.0006067961,-0.0006043610,-0.0006086825,-0.0006111302
-0.0006033264,-0.0006008873,-0.0006052401,-0.0006076917
-0.0005998584,-0.0005974162,-0.0006017990,-0.0006042538
-0.0005963922,-0.0005939478,-0.0005983595,-0.0006008166
-0.0005929281,-0.0005904822,-0.0005949216,-0.0005973802
-0.0005894661,-0.0005870196,-0.0005914857,-0.0005939450
-0.0005860066,-0.0005835602,-0.0005880518,-0.0005905110
-0.0005825495,-0.0005801040,-0.0005846201,-0.0005870785
-0.0005790952,-0.0005766513,-0.0005811909,-0.0005836478
-0.0005756438,-0.0005732021,-0.0005777642,-0.0005802188
-0.0005721954,-0.0005697567,-0.0005743403,-0.0005767920
-0.0005687503,-0.0005663152,-0.0005709194,-0.0005733674
-0.0005653085,-0.0005628777,-0.0005675015,-0.0005699453
-0.0005618703,-0.0005594444,-0.0005640869,-0.0005665258
-0.0005584358,-0.0005560154,-0.0005606757,-0.0005631090
-0.0005550051,-0.0005525908,-0.0005572680,-0.0005596953
-0.0005515785,-0.0005491708,-0.0005538641,-0.0005562847
-0.0005481560,-0.0005457556,-0.0005504641,-0.0005528775
-0.0005447379,-0.0005423452,-0.0005470682,-0.0005494738
-0.0005413243,-0.0005389398,-0.0005436764,-0.0005460737
-0.0005379153,-0.0005355396,-0.0005402890,-0.0005426775
-0.0005345111,-0.0005321446,-0.0005369060,-0.0005392853
-0.0005311118,-0.0005287550,-0.0005335277,-0.0005358973
-0.0005277176,-0.0005253709,-0.0005301542,-0.0005325137
-0.0005243287,-0.0005219925,-0.0005267857,-0.0005291345
-0.0005209451,-0.0005186199,-0.0005234222,-0.0005257600
-0.0005175670,-0.0005152532,-0.0005200639,-0.0005223903
-0.0005141946,-0.0005118925,-0.0005167110,-0.0005190256
-0.0005108280,-0.0005085379,-0.0005133636,-0.0005156661
-0.0005074674,-0.0005051897,-0.0005100218,-0.0005123118
-0.0005041128,-0.0005018478,-0.0005066857,-0.0005089630
-0.0005007644,-0.0004985125,-0.0005033556,-0.0005056197
-0.0004974223,-0.0004951837,-0.0005000315,-0.0005022822
-0.0004940867,-0.0004918618,-0.0004967136,-0.0004989505
-0.0004907577,-0.0004885467,-0.0004934020,-0.0004956249
-0.0004874354,-0.0004852386,-0.0004900967,-0.0004923054
-0.0004841200,-0.0004819375,-0.0004867981,-0.0004889922
-0.0004808115,-0.0004786437,-0.0004835061,-0.0004856855
-0.0004775102,-0.0004753572,-0.0004802208,-0.0004823853
-0.0004742160,-0.0004720781,-0.0004769425,-0.0004790918
-0.0004709292,-0.0004688066,-0.0004736713,-0.0004758052
-0.0004676499,-0.0004655426,-0.0004704071,-0.0004725255
-0.0004643781,-0.0004622865,-0.0004671503,-0.0004692530
-0.0004611140,-0.0004590381,-0.0004639008,-0.0004659876
-0.0004578577,-0.0004557977,-0.0004606588,-0.0004627296
-0.0004546094,-0.0004525654,-0.0004574245,-0.0004594791
-0.0004513690,-0.0004493412,-0.0004541978,-0.0004562362
-0.0004481368,-0.0004461253,-0.0004509790,-0.0004530009
-0.0004449129,-0.0004429177,-0.0004477681,-0.0004497735
-0.0004416972,-0.0004397186,-0.0004445652,-0.0004465541
-0.0004384901,-0.0004365280,-0.0004413705,-0.0004433427
-0.0004352915,-0.0004333460,-0.0004381841,-0.0004401395
-0.0004321015,-0.0004301727,-0.0004350060,-0.0004369446
-0.0004289204,-0.0004270083,-0.0004318363,-0.0004337581
-0.0004257480,-0.0004238528,-0.0004286753,-0.0004305800
-0.0004225847,-0.0004207063,-0.0004255228,-0.0004274106
-0.0004194304,-0.0004175688,-0.0004223791,-0.0004242499
-0.0004162852,-0.0004144405,-0.0004192443,-0.0004210980
-0.0004131493,-0.0004113215,-0.0004161183,-0.0004179551
-0.0004100227,-0.0004082118,-0.0004130015,-0.0004148212
-0.0004069056,-0.0004051116,-0.0004098937,-0.0004116963
-0.0004037979,-0.0004020208,-0.0004067951,-0.0004085807
-0.0004006999,-0.0003989397,-0.0004037059,-0.0004054744
-0.0003976115,-0.0003958682,-0.0004006260,-0.0004023776
-0.0003945329,-0.0003928064,-0.0003975556,-0.0003992902
-0.0003914642,-0.0003897545,-0.0003944947,-0.0003962123
-0.0003884054,-0.0003867125,-0.0003914435,-0.0003931442
-0.0003853567,-0.0003836804,-0.0003884019,-0.0003900858
-0.0003823180,-0.0003806584,-0.0003853702,-0.0003870373
-0.0003792895,-0.0003776465,-0.0003823484,-0.0003839987
-0.0003762712,-0.0003746448,-0.0003793365,-0.0003809701
-0.0003732633,-0.0003716534,-0.0003763346,-0.0003779517
-0.0003702658,-0.0003686723,-0.0003733428,-0.0003749433
-0.0003672788,-0.0003657016,-0.0003703612,-0.0003719453
-0.0003643023,-0.0003627413,-0.0003673899,-0.0003689576
-0.0003613364,-0.0003597916,-0.0003644289,-0.0003659802
-0.0003583813,-0.0003568525,-0.0003614782,-0.0003630134
-0.0003554368,-0.0003539240,-0.0003585380,-0.0003600571
-0.0003525032,-0.0003510063,-0.0003556084,-0.0003571114
-0.0003495805,-0.0003480993,-0.0003526893,-0.0003541764
-0.0003466687,-0.0003452032,-0.0003497809,-0.0003512522
-0.0003437680,-0.0003423180,-0.0003468832,-0.0003483388
-0.0003408783,-0.0003394437,-0.0003439962,-0.0003454363
-0.0003379997,-0.0003365805,-0.0003411201,-0.0003425448
-0.0003351324,-0.0003337283,-0.0003382549,-0.0003396642
-0.0003322762,-0.0003308873,-0.0003354007,-0.0003367948
-0.0003294314,-0.0003280574,-0.0003325575,-0.0003339364
-0.0003265980,-0.0003252388,-0.0003297253,-0.0003310893
-0.0003237759,-0.0003224314,-0.0003269043,-0.0003282534
-0.0003209653,-0.0003196354,-0.0003240944,-0.0003254289
-0.0003181663,-0.0003168507,-0.0003212957,-0.0003226157
-0.0003153788,-0.0003140775,-0.0003185084,-0.0003198139
-0.0003126029,-0.0003113158,-0.0003157323,-0.0003170236
-0.0003098387,-0.0003085656,-0.0003129677,-0.0003142447
-0.0003070862,-0.0003058269,-0.0003102144,-0.0003114775
-0.0003043454,-0.0003030999,-0.0003074727,-0.0003087219
-0.0003016165,-0.0003003845,-0.0003047424,-0.0003059779
-0.0002988994,-0.0002976809,-0.0003020237,-0.0003032456
-0.0002961941,-0.0002949889,-0.0002993166,-0.0003005251
-0.0002935008,-0.0002923087,-0.0002966211,-0.0002978164
-0.0002908195,-0.0002896404,-0.0002939374,-0.0002951195
-0.0002881501,-0.0002869839,-0.0002912653,-0.0002924345
-0.0002854928,-0.0002843392,-0.0002886050,-0.0002897614
-0.0002828476,-0.0002817065,-0.0002859565,-0.0002871003
-0.0002802145,-0.0002790858,-0.0002833198,-0.0002844511
-0.0002775935,-0.0002764770,-0.0002806950,-0.0002818139
-0.0002749847,-0.0002738803,-0.0002780822,-0.0002791889
-0.0002723881,-0.0002712956,-0.0002754812,-0.0002765759
-0.0002698038,-0.0002687230,-0.0002728922,-0.0002739750
-0.0002672317,-0.0002661626,-0.0002703152,-0.0002713863
-0.0002646719,-0.0002636142,-0.0002677502,-0.0002688097
-0.0002621245,-0.0002610781,-0.0002651973,-0.0002662454
-0.0002595893,-0.0002585541,-0.0002626564,-0.0002636933
-0.0002570666,-0.0002560423,-0.0002601277,-0.0002611535
-0.0002545383,-0.0002534876,-0.0002576035,-0.0002586555
-0.0002520598,-0.0002510665,-0.0002551055,-0.0002561000
-0.0002495567,-0.0002485340,-0.0002526057,-0.0002536296
-0.0002471023,-0.0002461367,-0.0002501325,-0.0002510992
-0.0002446247,-0.0002436271,-0.0002476571,-0.0002486556
-0.0002421943,-0.0002412529,-0.0002452089,-0.0002461510
-0.0002397424,-0.0002387673,-0.0002427578,-0.0002437336
-0.0002373361,-0.0002364167,-0.0002403346,-0.0002412545
-0.0002349099,-0.0002339555,-0.0002379078,-0.0002388628
-0.0002325279,-0.0002316290,-0.0002355097,-0.0002364089
-0.0002301277,-0.0002291926,-0.0002331073,-0.0002340426
-0.0002277700,-0.0002268904,-0.0002307341,-0.0002316138
-0.0002253957,-0.0002244790,-0.0002283561,-0.0002292730
-0.0002230624,-0.0002222013,-0.0002260081,-0.0002268692
-0.0002207143,-0.0002198150,-0.0002236545,-0.0002245536
-0.0002184054,-0.0002175618,-0.0002213317,-0.0002221750
-0.0002160833,-0.0002152009,-0.0002190025,-0.0002198846
-0.0002137989,-0.0002129723,-0.0002167049,-0.0002175311
-0.0002115030,-0.0002106367,-0.0002144001,-0.0002152660
-0.0002092431,-0.0002084328,-0.0002121277,-0.0002129375
-0.0002069734,-0.0002061226,-0.0002098474,-0.0002106976
-0.0002047380,-0.0002039433,-0.0002076003,-0.0002083943
-0.0002024945,-0.0002016586,-0.0002053445,-0.0002061796
-0.0002002837,-0.0001995040,-0.0002031227,-0.0002039014
-0.0001980664,-0.0001972449,-0.0002008914,-0.0002017119
-0.0001958801,-0.0001951149,-0.0001986949,-0.0001994589
-0.0001936890,-0.0001928813,-0.0001964881,-0.0001972945
-0.0001915272,-0.0001907761,-0.0001943169,-0.0001950667
-0.0001893624,-0.0001885680,-0.0001921345,-0.0001929275
-0.0001872251,-0.0001864874,-0.0001899887,-0.0001907249
-0.0001850865,-0.0001843049,-0.0001878308,-0.0001886109
-0.0001829738,-0.0001822489,-0.0001857103,-0.0001864335
-0.0001808613,-0.0001800919,-0.0001835768,-0.0001843445
-0.0001787731,-0.0001780606,-0.0001814816,-0.0001821923
-0.0001766868,-0.0001759292,-0.0001793726,-0.0001801283
-0.0001746230,-0.0001739224,-0.0001773027,-0.0001780013
-0.0001725629,-0.0001718166,-0.0001752181,-0.0001759623
-0.0001705235,-0.0001698343,-0.0001731735,-0.0001738605
-0.0001684895,-0.0001677540,-0.0001711132,-0.0001718465
-0.0001664745,-0.0001657963,-0.0001690939,-0.0001697698
-0.0001644665,-0.0001637414,-0.0001670579,-0.0001677806
-0.0001624759,-0.0001618081,-0.0001650638,-0.0001657291
-0.0001604939,-0.0001597788,-0.0001630521,-0.0001637647
-0.0001585276,-0.0001578699,-0.0001610831,-0.0001617383
-0.0001565716,-0.0001558659,-0.0001590956,-0.0001597987
-0.0001546295,-0.0001539813,-0.0001571518,-0.0001577972
-0.0001526994,-0.0001520028,-0.0001551885,-0.0001558823
-0.0001507814,-0.0001501425,-0.0001532698,-0.0001539059
-0.0001488772,-0.0001481893,-0.0001513305,-0.0001520155
-0.0001469833,-0.0001463531,-0.0001494368,-0.0001500641
-0.0001451049,-0.0001444252,-0.0001475215,-0.0001481982
-0.0001432350,-0.0001426132,-0.0001456528,-0.0001462716
-0.0001413823,-0.0001407105,-0.0001437615,-0.0001444302
-0.0001395364,-0.0001389225,-0.0001419177,-0.0001425284
-0.0001377093,-0.0001370450,-0.0001400502,-0.0001407113
-0.0001358872,-0.0001352808,-0.0001382313,-0.0001388343
-0.0001340856,-0.0001334284,-0.0001363876,-0.0001370414
-0.0001322873,-0.0001316882,-0.0001345933,-0.0001351890
-0.0001305112,-0.0001298608,-0.0001327733,-0.0001334203
-0.0001287365,-0.0001281442,-0.0001310038,-0.0001315925
-0.0001269858,-0.0001263418,-0.0001292073,-0.0001298477
-0.0001252347,-0.0001246489,-0.0001274624,-0.0001280445
-0.0001235092,-0.0001228713,-0.0001256894,-0.0001263236
-0.0001217815,-0.0001212019,-0.0001239689,-0.0001245448
-0.0001200812,-0.0001194491,-0.0001222194,-0.0001228477
-0.0001183769,-0.0001178031,-0.0001205233,-0.0001210932
-0.0001167016,-0.0001160749,-0.0001187970,-0.0001194197
-0.0001150205,-0.0001144523,-0.0001171252,-0.0001176894
-0.0001133701,-0.0001127487,-0.0001154221,-0.0001160395
-0.0001117122,-0.0001111492,-0.0001137744,-0.0001143333
-0.0001100866,-0.0001094700,-0.0001120944,-0.0001127068
-0.0001084517,-0.0001078937,-0.0001104708,-0.0001110246
-0.0001068507,-0.0001062388,-0.0001088137,-0.0001094214
-0.0001052387,-0.0001046854,-0.0001072141,-0.0001077631
-0.0001036623,-0.0001030548,-0.0001055797,-0.0001061830
-0.0001020730,-0.0001015241,-0.0001040039,-0.0001045485
-0.0001005211,-0.0000999176,-0.0001023923,-0.0001029914
-0.0000989544,-0.0000984097,-0.0001008402,-0.0001013805
-0.0000974267,-0.0000968271,-0.0000992511,-0.0000998462
-0.0000958825,-0.0000953417,-0.0000977226,-0.0000982589
-0.0000943790,-0.0000937830,-0.0000961559,-0.0000967473
-0.0000928572,-0.0000923200,-0.0000946509,-0.0000951834
-0.0000913776,-0.0000907850,-0.0000931065,-0.0000936944
-0.0000898780,-0.0000893443,-0.0000916248,-0.0000921538
-0.0000884222,-0.0000878329,-0.0000901024,-0.0000906871
-0.0000869447,-0.0000864143,-0.0000886439,-0.0000891696
-0.0000855126,-0.0000849263,-0.0000871436,-0.0000877252
-0.0000840570,-0.0000835296,-0.0000857081,-0.0000862307
-0.0000826485,-0.0000820650,-0.0000842296,-0.0000848083
-0.0000812146,-0.0000806901,-0.0000828170,-0.0000833367
-0.0000798295,-0.0000792486,-0.0000813602,-0.0000819363
-0.0000784172,-0.0000778953,-0.0000799704,-0.0000804873
-0.0000770552,-0.0000764768,-0.0000785351,-0.0000791086
-0.0000756644,-0.0000751450,-0.0000771678,-0.0000776823
-0.0000743255,-0.0000737494,-0.0000757540,-0.0000763251
-0.0000729560,-0.0000724389,-0.0000744091,-0.0000749212
-0.0000716400,-0.0000710659,-0.0000730165,-0.0000735855
-0.0000702915,-0.0000697766,-0.0000716939,-0.0000722037
-0.0000689983,-0.0000684262,-0.0000703223,-0.0000708893
-0.0000676708,-0.0000671579,-0.0000690218,-0.0000695296
-0.0000664000,-0.0000658298,-0.0000676711,-0.0000682362
-0.0000650933,-0.0000645823,-0.0000663926,-0.0000668985
-0.0000638449,-0.0000632764,-0.0000650626,-0.0000656260
-0.0000625589,-0.0000620495,-0.0000638059,-0.0000643101
-0.0000613327,-0.0000607657,-0.0000624965,-0.0000630582
-0.0000600670,-0.0000595593,-0.0000612614,-0.0000617639
-0.0000588628,-0.0000582973,-0.0000599724,-0.0000605326
-0.0000576174,-0.0000571112,-0.0000587587,-0.0000592597
-0.0000564350,-0.0000558709,-0.0000574899,-0.0000580488
-0.0000552097,-0.0000547049,-0.0000562975,-0.0000567971
-0.0000540490,-0.0000534861,-0.0000550487,-0.0000556063
-0.0000528436,-0.0000523400,-0.0000538775,-0.0000543758
-0.0000517043,-0.0000511425,-0.0000526485,-0.0000532050
-0.0000505186,-0.0000500161,-0.0000514982,-0.0000519953
-0.0000494005,-0.0000488398,-0.0000502889,-0.0000508443
-0.0000482344,-0.0000477330,-0.0000491593,-0.0000496554
-0.0000471374,-0.0000465777,-0.0000479696,-0.0000485240
-0.0000459907,-0.0000454902,-0.0000468605,-0.0000473556
-0.0000449145,-0.0000443556,-0.0000456901,-0.0000462436
-0.0000437869,-0.0000432874,-0.0000446014,-0.0000450956
-0.0000427314,-0.0000421734,-0.0000434502,-0.0000440028
-0.0000416229,-0.0000411241,-0.0000423817,-0.0000428750
-0.0000405878,-0.0000400305,-0.0000412493,-0.0000418012
-0.0000394981,-0.0000390001,-0.0000402009,-0.0000406934
-0.0000384833,-0.0000379267,-0.0000390873,-0.0000396385
-0.0000374121,-0.0000369148,-0.0000380586,-0.0000385505
-0.0000364174,-0.0000358614,-0.0000369637,-0.0000375142
-0.0000353647,-0.0000348680,-0.0000359546,-0.0000364458
-0.0000343899,-0.0000338344,-0.0000348780,-0.0000354280
-0.0000333553,-0.0000328592,-0.0000338884,-0.0000343791
-0.0000324002,-0.0000318453,-0.0000328301,-0.0000333795
-0.0000313837,-0.0000308881,-0.0000318597,-0.0000323498
-0.0000304480,-0.0000298936,-0.0000308193,-0.0000313683
-0.0000294493,-0.0000289542,-0.0000298680,-0.0000303577
-0.0000285328,-0.0000279789,-0.0000288455,-0.0000293940
-0.0000275518,-0.0000270572,-0.0000279130,-0.0000284022
-0.0000266544,-0.0000261009,-0.0000269081,-0.0000274562
-0.0000256909,-0.0000251966,-0.0000259943,-0.0000264831
-0.0000248123,-0.0000242591,-0.0000250069,-0.0000255546
-0.0000238660,-0.0000233721,-0.0000241115,-0.0000246000
-0.0000230060,-0.0000224532,-0.0000231414,-0.0000236887
-0.0000220768,-0.0000215832,-0.0000222642,-0.0000227524
-0.0000212352,-0.0000206828,-0.0000213111,-0.0000218582
-0.0000203228,-0.0000198296,-0.0000204521,-0.0000209399
-0.0000194995,-0.0000189474,-0.0000195159,-0.0000200626
-0.0000186038,-0.0000181108,-0.0000186746,-0.0000191623
-0.0000177984,-0.0000172466,-0.0000177551,-0.0000183016
-0.0000169192,-0.0000164265,-0.0000169316,-0.0000174189
-0.0000161316,-0.0000155801,-0.0000160285,-0.0000165748
-0.0000152686,-0.0000147762,-0.0000152224,-0.0000157096
-0.0000144986,-0.0000139474,-0.0000143357,-0.0000148817
-0.0000136517,-0.0000131595,-0.0000135469,-0.0000140338
-0.0000128991,-0.0000123481,-0.0000126763,-0.0000132220
-0.0000120681,-0.0000115761,-0.0000119045,-0.0000123912
-0.0000113325,-0.0000107819,-0.0000110498,-0.0000115952
-0.0000105172,-0.0000100255,-0.0000102949,-0.0000107814
-0.0000097986,-0.0000092483,-0.0000094559,-0.0000100011
-0.0000089988,-0.0000085073,-0.0000087176,-0.0000092039
-0.0000082969,-0.0000077468,-0.0000078942,-0.0000084391
-0.0000075124,-0.0000070211,-0.0000071723,-0.0000076585
-0.0000068270,-0.0000062772,-0.0000063643,-0.0000069090
-0.0000060576,-0.0000055665,-0.0000056587,-0.0000061446
-0.0000053885,-0.0000048390,-0.0000048657,-0.0000054102
-0.0000046339,-0.0000041431,-0.0000041762,-0.0000046620
-0.0000039809,-0.0000034317,-0.0000033982,-0.0000039424
-0.0000032411,-0.0000027505,-0.0000027246,-0.0000032101
-0.0000026039,-0.0000020551,-0.0000019613,-0.0000025053
-0.0000018786,-0.0000013883,-0.0000013033,-0.0000017887
-0.0000012571,-0.0000007086,-0.0000005547,-0.0000010983
-0.0000005461,-0.0000000561,0.0000000879,-0.0000003973
0.0000000599,0.0000006081,0.0000008221,0.0000002788
0.0000007568,0.0000012466,0.0000014495,0.0000009645
0.0000013476,0.0000018955,0.0000021695,0.0000016264
0.0000020306,0.0000025201,0.0000027818,0.0000022970
0.0000026064,0.0000031538,0.0000034878,0.0000029451
0.0000032756,0.0000037648,0.0000040852,0.0000036007
0.0000038366,0.0000043836,0.0000047774,0.0000042350
0.0000044923,0.0000049811,0.0000053602,0.0000048759
0.0000050387,0.0000055852,0.0000060387,0.0000054967
0.0000056810,0.0000061695,0.0000066070,0.0000061231
0.0000062130,0.0000067591,0.0000072721,0.0000067304
0.0000068421,0.0000073302,0.0000078261,0.0000073425
0.0000073599,0.0000079056,0.0000084779,0.0000079367
0.0000079761,0.0000084638,0.0000090179,0.0000085346
0.0000084799,0.0000090250,0.0000096566,0.0000091158
0.0000090833,0.0000095706,0.0000101828,0.0000096998
0.0000095733,0.0000101179,0.0000108085,0.0000102682
0.0000101641,0.0000106510,0.0000113210,0.0000108383
0.0000106406,0.0000111846,0.0000119340,0.0000113942
0.0000112189,0.0000117053,0.0000124330,0.0000119507
0.0000116820,0.0000122254,0.0000130334,0.0000124941
0.0000122481,0.0000127340,0.0000135192,0.0000130373
0.0000126981,0.0000132409,0.0000141072,0.0000135684
0.0000132521,0.0000137375,0.0000145798,0.0000140984
0.0000136891,0.0000142312,0.0000151557,0.0000146175
0.0000142312,0.0000147161,0.0000156154,0.0000151344
0.0000146555,0.0000151969,0.0000161792,0.0000156416
0.0000151859,0.0000156702,0.0000166262,0.0000161457
0.0000155976,0.0000161383,0.0000171782,0.0000166412
0.0000161164,0.0000166002,0.0000176127,0.0000171326
0.0000165158,0.0000170557,0.0000181529,0.0000176166
0.0000170233,0.0000175064,0.0000185750,0.0000180955
0.0000174104,0.0000179496,0.0000191037,0.0000185681
0.0000179068,0.0000183892,0.0000195137,0.0000190348
0.0000182820,0.0000188203,0.0000200311,0.0000194962
0.0000187673,0.0000192491,0.0000204291,0.0000199508
0.0000191307,0.0000196682,0.0000209353,0.0000204011
0.0000196052,0.0000200863,0.0000213215,0.0000208438
0.0000199570,0.0000204936,0.0000218166,0.0000212833
0.0000204208,0.0000209011,0.0000221913,0.0000217142
0.0000207613,0.0000212969,0.0000226755,0.0000221430
0.0000212146,0.0000216941,0.0000230387,0.0000225623
0.0000215438,0.0000220785,0.0000235122,0.0000229806
0.0000219867,0.0000224655,0.0000238642,0.0000233885
0.0000223049,0.0000228387,0.0000243272,0.0000237964
0.0000227377,0.0000232156,0.0000246681,0.0000241931
0.0000230451,0.0000235778,0.0000251206,0.0000245908
0.0000234678,0.0000239448,0.0000254506,0.0000249764
0.0000237645,0.0000242962,0.0000258930,0.0000253641
0.0000241774,0.0000246535,0.0000262122,0.0000257389
0.0000244637,0.0000249942,0.0000266445,0.0000261166
0.0000248669,0.0000253420,0.0000269532,0.0000264806
0.0000251428,0.0000256722,0.0000273755,0.0000268487
0.0000255365,0.0000260107,0.0000276739,0.0000272022
0.0000258023,0.0000263305,0.0000280864,0.0000275606
0.0000261865,0.0000266597,0.0000283745,0.0000279037
0.0000264425,0.0000269694,0.0000287774,0.0000282527
0.0000268174,0.0000272896,0.0000290554,0.0000285856
0.0000271189,0.0000275968,0.0000293955,0.0000289198
0.0000274156,0.0000278991,0.0000297308,0.0000292495
0.0000277094,0.0000281969,0.0000300597,0.0000295743
0.0000279998,0.0000284902,0.0000303826,0.0000298942
0.0000282866,0.0000287791,0.0000306998,0.0000302094
0.0000285697,0.0000290635,0.0000310117,0.0000305198
0.0000288489,0.0000293435,0.0000313183,0.0000308255
0.0000291240,0.0000296191,0.0000316199,0.0000311266
0.0000293951,0.0000298903,0.0000319167,0.0000314232
0.0000296620,0.0000301572,0.0000322087,0.0000317152
0.0000299249,0.0000304198,0.0000324960,0.0000320027
0.0000301836,0.0000306781,0.0000327787,0.0000322858
0.0000304381,0.0000309321,0.0000330569,0.0000325644
0.0000306885,0.0000311820,0.0000333307,0.0000328387
0.0000309348,0.0000314276,0.0000336001,0.0000331087
0.0000311770,0.0000316691,0.0000338651,0.0000333744
0.0000314152,0.0000319065,0.0000341259,0.0000336358
0.0000316493,0.0000321399,0.0000343823,0.0000338930
0.0000318794,0.0000323692,0.0000346346,0.0000341459
0.0000321055,0.0000325945,0.0000348827,0.0000343948
0.0000323277,0.0000328158,0.0000351266,0.0000346395
0.0000325459,0.0000330332,0.0000353664,0.0000348801
0.0000327603,0.0000332467,0.0000356022,0.0000351167
0.0000329708,0.0000334563,0.0000358339,0.0000353492
0.0000331774,0.0000336621,0.0000360617,0.0000355778
0.0000333803,0.0000338641,0.0000362855,0.0000358024
0.0000335795,0.0000340624,0.0000365053,0.0000360231
0.0000337749,0.0000342569,0.0000367212,0.0000362399
0.0000339666,0.0000344477,0.0000369333,0.0000364528
0.0000341547,0.0000346348,0.0000371415,0.0000366619
0.0000343391,0.0000348183,0.0000373460,0.0000368672
0.0000345200,0.0000349982,0.0000375466,0.0000370687
0.0000346973,0.0000351746,0.0000377435,0.0000372665
0.0000348710,0.0000353474,0.0000379367,0.0000374606
0.0000350413,0.0000355167,0.0000381262,0.0000376510
0.0000352081,0.0000356825,0.0000383121,0.0000378377
0.0000353714,0.0000358449,0.0000384943,0.0000380209
0.0000355314,0.0000360039,0.0000386729,0.0000382004
0.0000356880,0.0000361595,0.0000388480,0.0000383764
0.0000358412,0.0000363117,0.0000390195,0.0000385489
0.0000359911,0.0000364606,0.0000391875,0.0000387178
0.0000361377,0.0000366062,0.0000393521,0.0000388833
0.0000362811,0.0000367486,0.0000395131,0.0000390454
0.0000364212,0.0000368877,0.0000396708,0.0000392040
0.0000365582,0.0000370237,0.0000398251,0.0000393592
0.0000366920,0.0000371564,0.0000399760,0.0000395111
0.0000368226,0.0000372860,0.0000401235,0.0000396596
0.0000369501,0.0000374125,0.0000402677,0.0000398048
0.0000370746,0.0000375359,0.0000404087,0.0000399468
0.0000371959,0.0000376562,0.0000405464,0.0000400854
0.0000373143,0.0000377735,0.0000406808,0.0000402209
0.0000374296,0.0000378877,0.0000408120,0.0000403531
0.0000375420,0.0000379990,0.0000409401,0.0000404822
0.0000376514,0.0000381073,0.0000410649,0.0000406081
0.0000377579,0.0000382127,0.0000411867,0.0000407309
0.0000378615,0.0000383152,0.0000413053,0.0000408505
0.0000379622,0.0000384149,0.0000414209,0.0000409671
0.0000380601,0.0000385116,0.0000415334,0.0000410807
0.0000381551,0.0000386056,0.0000416428,0.0000411912
0.0000382474,0.0000386967,0.0000417492,0.0000412987
0.0000383369,0.0000387851,0.0000418527,0.0000414032
0.0000384236,0.0000388707,0.0000419532,0.0000415048
0.0000385076,0.0000389535,0.0000420507,0.0000416034
0.0000385889,0.0000390337,0.0000421453,0.0000416991
0.0000386676,0.0000391112,0.0000422371,0.0000417919
0.0000387436,0.0000391860,0.0000423259,0.0000418819
0.0000388169,0.0000392582,0.0000424119,0.0000419690
0.0000388877,0.0000393278,0.0000424951,0.0000420533
0.0000389559,0.0000393948,0.0000425754,0.0000421348
0.0000390215,0.0000394593,0.0000426530,0.0000422135
0.0000390846,0.0000395212,0.0000427278,0.0000422895
0.0000391452,0.0000395805,0.0000427999,0.0000423627
0.0000392032,0.0000396374,0.0000428692,0.0000424332
0.0000392589,0.0000396918,0.0000429359,0.0000425010
0.0000393120,0.0000397438,0.0000429999,0.0000425661
0.0000393628,0.0000397933,0.0000430612,0.0000426286
0.0000394111,0.0000398404,0.0000431198,0.0000426885
0.0000394571,0.0000398852,0.0000431759,0.0000427457
0.0000395007,0.0000399275,0.0000432294,0.0000428004
0.0000395419,0.0000399675,0.0000432802,0.0000428524
0.0000395809,0.0000400052,0.0000433286,0.0000429020
0.0000396175,0.0000400406,0.0000433743,0.0000429490
0.0000396518,0.0000400737,0.0000434176,0.0000429935
0.0000396839,0.0000401045,0.0000434584,0.0000430354
0.0000397138,0.0000401330,0.0000434967,0.0000430750
0.0000397414,0.0000401594,0.0000435325,0.0000431120
0.0000397668,0.0000401835,0.0000435658,0.0000431467
0.0000397901,0.0000402055,0.0000435968,0.0000431789
0.0000398112,0.0000402253,0.0000436253,0.0000432087
0.0000398301,0.0000402429,0.0000436515,0.0000432361
0.0000398469,0.0000402584,0.0000436753,0.0000432611
0.0000398616,0.0000402717,0.0000436967,0.0000432839
0.0000398742,0.0000402830,0.0000437158,0.0000433042
0.0000398847,0.0000402922,0.0000437326,0.0000433223
0.0000398932,0.0000402994,0.0000437471,0.0000433381
0.0000398997,0.0000403045,0.0000437593,0.0000433516
0.0000399041,0.0000403076,0.0000437692,0.0000433628
0.0000399074,0.0000403089,0.0000437765,0.0000433712
0.0000399068,0.0000403094,0.0000437812,0.0000433784
0.0000399054,0.0000403059,0.0000437850,0.0000433828
0.0000399022,0.0000402992,0.0000437880,0.0000433847
0.0000398960,0.0000402930,0.0000437858,0.0000433861
0.0000398882,0.0000402848,0.0000437812,0.0000433854
0.0000398792,0.0000402737,0.0000437759,0.0000433813
0.0000398689,0.0000402609,0.0000437691,0.0000433739
0.0000398559,0.0000402466,0.0000437593,0.0000433654
0.0000398411,0.0000402305,0.0000437475,0.0000433549
0.0000398244,0.0000402124,0.0000437336,0.0000433423
0.0000398059,0.0000401926,0.0000437176,0.0000433276
0.0000397856,0.0000401709,0.0000436995,0.0000433110
0.0000397635,0.0000401474,0.0000436794,0.0000432922
0.0000397397,0.0000401221,0.0000436573,0.0000432715
0.0000397140,0.0000400950,0.0000436331,0.0000432488
0.0000396867,0.0000400662,0.0000436070,0.0000432241
0.0000396576,0.0000400357,0.0000435789,0.0000431974
0.0000396268,0.0000400034,0.0000435488,0.0000431687
0.0000395943,0.0000399695,0.0000435168,0.0000431381
0.0000395601,0.0000399338,0.0000434828,0.0000431056
0.0000395242,0.0000398965,0.0000434469,0.0000430711
0.0000394867,0.0000398575,0.0000434091,0.0000430348
0.0000394475,0.0000398168,0.0000433693,0.0000429965
0.0000394067,0.0000397745,0.0000433277,0.0000429564
0.0000393643,0.0000397306,0.0000432843,0.0000429144
0.0000393203,0.0000396851,0.0000432390,0.0000428706
0.0000392747,0.0000396380,0.0000431918,0.0000428249
0.0000392275,0.0000395893,0.0000431428,0.0000427774
0.0000391788,0.0000395390,0.0000430920,0.0000427282
0.0000391285,0.0000394872,0.0000430394,0.0000426771
0.0000390767,0.0000394339,0.0000429850,0.0000426242
0.0000390234,0.0000393791,0.0000429289,0.0000425696
0.0000389686,0.0000393227,0.0000428709,0.0000425132
0.0000389123,0.0000392648,0.0000428113,0.0000424550
0.0000388545,0.0000392055,0.0000427499,0.0000423952
0.0000387952,0.0000391446,0.0000426867,0.0000423336
0.0000387345,0.0000390823,0.0000426219,0.0000422704
0.0000386723,0.0000390186,0.0000425554,0.0000422054
0.0000386087,0.0000389535,0.0000424872,0.0000421388
0.0000385437,0.0000388869,0.0000424173,0.0000420705
0.0000384773,0.0000388189,0.0000423458,0.0000420005
0.0000384095,0.0000387495,0.0000422726,0.0000419289
0.0000383404,0.0000386787,0.0000421978,0.0000418557
0.0000382698,0.0000386066,0.0000421214,0.0000417809
0.0000381979,0.0000385331,0.0000420434,0.0000417045
0.0000381247,0.0000384583,0.0000419638,0.0000416265
0.0000380502,0.0000383821,0.0000418826,0.0000415469
0.0000379743,0.0000383046,0.0000417998,0.0000414658
0.0000378971,0.0000382258,0.0000417155,0.0000413831
0.0000378187,0.0000381457,0.0000416297,0.0000412989
0.0000377389,0.0000380643,0.0000415423,0.0000412132
0.0000376171,0.0000379662,0.0000414910,0.0000411383
0.0000375858,0.0000379013,0.0000413529,0.0000410337
0.0000374596,0.0000377999,0.0000413006,0.0000409566
0.0000374244,0.0000377322,0.0000411608,0.0000408493
0.0000372946,0.0000376280,0.0000411067,0.0000407697
0.0000372551,0.0000375572,0.0000409660,0.0000406602
0.0000371225,0.0000374504,0.0000409094,0.0000405778
0.0000370791,0.0000373767,0.0000407672,0.0000404660
0.0000369442,0.0000372675,0.0000407077,0.0000403808
0.0000368975,0.0000371911,0.0000405637,0.0000402665
0.0000367606,0.0000370797,0.0000405011,0.0000401784
0.0000367106,0.0000370006,0.0000403554,0.0000400617
0.0000365719,0.0000368872,0.0000402895,0.0000399707
0.0000365188,0.0000368055,0.0000401419,0.0000398516
0.0000363786,0.0000366901,0.0000400727,0.0000397577
0.0000363225,0.0000366059,0.0000399232,0.0000396362
0.0000361807,0.0000364886,0.0000398508,0.0000395394
0.0000361217,0.0000364020,0.0000396994,0.0000394156
0.0000359785,0.0000362827,0.0000396237,0.0000393160
0.0000359166,0.0000361937,0.0000394705,0.0000391899
0.0000357720,0.0000360727,0.0000393915,0.0000390875
0.0000357073,0.0000359813,0.0000392366,0.0000389592
0.0000355615,0.0000358585,0.0000391544,0.0000388540
0.0000354940,0.0000357649,0.0000389976,0.0000387235
0.0000353470,0.0000356404,0.0000389123,0.0000386155
0.0000352768,0.0000355444,0.0000387539,0.0000384829
0.0000351285,0.0000354183,0.0000386653,0.0000383723
0.0000350557,0.0000353201,0.0000385053,0.0000382376
0.0000349063,0.0000351924,0.0000384137,0.0000381244
0.0000348308,0.0000350921,0.0000382521,0.0000379877
0.0000346804,0.0000349628,0.0000381574,0.0000378718
0.0000346023,0.0000348603,0.0000379943,0.0000377331
0.0000344508,0.0000347296,0.0000378965,0.0000376147
0.0000343702,0.0000346250,0.0000377320,0.0000374741
0.0000342178,0.0000344928,0.0000376312,0.0000373532
0.0000341346,0.0000343861,0.0000374653,0.0000372108
0.0000339813,0.0000342526,0.0000373616,0.0000370874
0.0000338956,0.0000341438,0.0000371943,0.0000369432
0.0000337415,0.0000340090,0.0000370877,0.0000368174
0.0000336534,0.0000338983,0.0000369192,0.0000366714
0.0000334984,0.0000337621,0.0000368097,0.0000365433
0.0000334079,0.0000336495,0.0000366399,0.0000363956
0.0000332522,0.0000335121,0.0000365277,0.0000362651
0.0000331593,0.0000333975,0.0000363567,0.0000361158
0.0000330029,0.0000332590,0.0000362417,0.0000359831
0.0000329077,0.0000331426,0.0000360696,0.0000358322
0.0000327507,0.0000330029,0.0000359519,0.0000356972
0.0000326532,0.0000328847,0.0000357788,0.0000355448
0.0000324956,0.0000327440,0.0000356584,0.0000354076
0.0000323959,0.0000326239,0.0000354843,0.0000352538
0.0000322378,0.0000324822,0.0000353613,0.0000351144
0.0000321358,0.0000323605,0.0000351862,0.0000349592
0.0000319772,0.0000322177,0.0000350606,0.0000348178
0.0000318731,0.0000320943,0.0000348846,0.0000346612
0.0000317141,0.0000319507,0.0000347565,0.0000345177
0.0000316079,0.0000318256,0.0000345797,0.0000343599
0.0000314485,0.0000316811,0.0000344491,0.0000342144
0.0000313402,0.0000315544,0.0000342716,0.0000340553
0.0000311804,0.0000314091,0.0000341385,0.0000339078
0.0000310701,0.0000312808,0.0000339603,0.0000337476
0.0000309101,0.0000311348,0.0000338248,0.0000335982
0.0000307978,0.0000310050,0.0000336459,0.0000334369
0.0000306376,0.0000308583,0.0000335081,0.0000332857
0.0000305233,0.0000307270,0.0000333286,0.0000331232
0.0000303629,0.0000305796,0.0000331886,0.0000329702
0.0000302468,0.0000304469,0.0000330086,0.0000328068
0.0000300863,0.0000302989,0.0000328662,0.0000326520
0.0000299682,0.0000301648,0.0000326857,0.0000324876
0.0000298077,0.0000300163,0.0000325412,0.0000323312
0.0000296878,0.0000298809,0.0000323603,0.0000321659
0.0000295273,0.0000297318,0.0000322137,0.0000320078
0.0000294057,0.0000295951,0.0000320324,0.0000318417
0.0000292451,0.0000294456,0.0000318837,0.0000316820
0.0000291218,0.0000293076,0.0000317021,0.0000315151
0.0000289614,0.0000291577,0.0000315514,0.0000313539
0.0000288364,0.0000290186,0.0000313696,0.0000311863
0.0000286761,0.0000288683,0.0000312168,0.0000310236
0.0000285494,0.0000287280,0.0000310348,0.0000308553
0.0000283894,0.0000285775,0.0000308801,0.0000306912
0.0000282611,0.0000284361,0.0000306980,0.0000305223
0.0000281013,0.0000282853,0.0000305415,0.0000303568
0.0000279715,0.0000281428,0.0000303593,0.0000301873
0.0000278120,0.0000279918,0.0000302009,0.0000300205
0.0000276807,0.0000278483,0.0000300187,0.0000298506
0.0000275216,0.0000276972,0.0000298586,0.0000296824
0.0000273888,0.0000275528,0.0000296764,0.0000295121
0.0000272301,0.0000274016,0.0000295145,0.0000293428
0.0000270960,0.0000272562,0.0000293325,0.0000291720
0.0000269377,0.0000271050,0.0000291690,0.0000290015
0.0000268022,0.0000269587,0.0000289871,0.0000288305
0.0000266445,0.0000268075,0.0000288220,0.0000286589
0.0000265076,0.0000266604,0.0000286404,0.0000284876
0.0000263505,0.0000265093,0.0000284737,0.0000283149
0.0000261960,0.0000263584,0.0000283038,0.0000281416
0.0000260674,0.0000262119,0.0000281151,0.0000279707
0.0000259105,0.0000260609,0.0000279468,0.0000277966
0.0000257561,0.0000259100,0.0000277757,0.0000276221
0.0000256239,0.0000257619,0.0000275893,0.0000274517
0.0000254678,0.0000256112,0.0000274192,0.0000272763
0.0000253140,0.0000254605,0.0000272466,0.0000271006
0.0000251786,0.0000253107,0.0000270624,0.0000269309
0.0000250237,0.0000251605,0.0000268903,0.0000267541
0.0000248707,0.0000250101,0.0000267161,0.0000265774
0.0000247322,0.0000248589,0.0000265342,0.0000264084
0.0000245788,0.0000247094,0.0000263602,0.0000262304
0.0000244268,0.0000245594,0.0000261845,0.0000260528
0.0000242855,0.0000244069,0.0000260050,0.0000258846
0.0000241336,0.0000242581,0.0000258290,0.0000257056
0.0000239828,0.0000241087,0.0000256519,0.0000255272
0.0000238388,0.0000239549,0.0000254748,0.0000253600
0.0000236886,0.0000238069,0.0000252971,0.0000251801
0.0000235391,0.0000236583,0.0000251187,0.0000250009
0.0000233925,0.0000235033,0.0000249442,0.0000248348
0.0000232442,0.0000233564,0.0000247648,0.0000246541
0.0000230961,0.0000232085,0.0000245852,0.0000244744
0.0000229470,0.0000230525,0.0000244134,0.0000243095
0.0000228006,0.0000229066,0.0000242324,0.0000241281
0.0000226540,0.0000227597,0.0000240518,0.0000239480
0.0000225074,0.0000226119,0.0000238715,0.0000237689
0.0000223537,0.0000224514,0.0000237071,0.0000236115
0.0000222103,0.0000223076,0.0000235240,0.0000234289
0.0000220662,0.0000221623,0.0000233420,0.0000232481
0.0000219215,0.0000220160,0.0000231609,0.0000230686
0.0000217629,0.0000218537,0.0000230025,0.0000229140
0.0000216228,0.0000217119,0.0000228174,0.0000227307
0.0000214813,0.0000215685,0.0000226342,0.0000225495
0.0000213388,0.0000214238,0.0000224524,0.0000223699
0.0000211757,0.0000212599,0.0000223000,0.0000222183
0.0000210391,0.0000211203,0.0000221131,0.0000220346
0.0000209004,0.0000209787,0.0000219289,0.0000218533
0.0000207603,0.0000208357,0.0000217467,0.0000216740
0.0000206191,0.0000206917,0.0000215660,0.0000214963
0.0000204438,0.0000205204,0.0000214301,0.0000213565
0.0000203128,0.0000203846,0.0000212405,0.0000211717
0.0000201786,0.0000202462,0.0000210546,0.0000209901
0.0000200423,0.0000201061,0.0000208716,0.0000208109
0.0000198697,0.0000199395,0.0000207333,0.0000206668
0.0000197419,0.0000198057,0.0000205431,0.0000204826
0.0000196106,0.0000196692,0.0000203571,0.0000203018
0.0000194767,0.0000195309,0.0000201744,0.0000201237
0.0000193003,0.0000193634,0.0000200426,0.0000199831
0.0000191763,0.0000192320,0.0000198517,0.0000197995
0.0000190481,0.0000190978,0.0000196656,0.0000196196
0.0000189170,0.0000189616,0.0000194835,0.0000194426
0.0000187369,0.0000187933,0.0000193585,0.0000193059
0.0000186169,0.0000186647,0.0000191669,0.0000191230
0.0000184922,0.0000185330,0.0000189809,0.0000189441
0.0000183243,0.0000183739,0.0000188446,0.0000187990
0.0000182061,0.0000182466,0.0000186539,0.0000186175
0.0000180832,0.0000181163,0.0000184691,0.0000184401
0.0000179140,0.0000179575,0.0000183367,0.0000182976
0.0000177983,0.0000178319,0.0000181467,0.0000181174
0.0000176776,0.0000177033,0.0000179627,0.0000179414
0.0000175071,0.0000175447,0.0000178348,0.0000178017
0.0000173942,0.0000174212,0.0000176451,0.0000176226
0.0000172760,0.0000172946,0.0000174619,0.0000174479
0.0000171044,0.0000171364,0.0000173383,0.0000173110
0.0000169947,0.0000170152,0.0000171489,0.0000171331
0.0000168792,0.0000168907,0.0000169664,0.0000169597
0.0000167067,0.0000167331,0.0000168471,0.0000168256
0.0000166002,0.0000166143,0.0000166581,0.0000166489
0.0000164875,0.0000164921,0.0000164765,0.0000164769
0.0000163143,0.0000163352,0.0000163615,0.0000163457
0.0000162111,0.0000162189,0.0000161729,0.0000161703
0.0000160612,0.0000160762,0.0000160355,0.0000160258
0.0000159591,0.0000159609,0.0000158486,0.0000158521
0.0000158095,0.0000158191,0.0000157135,0.0000157093
0.0000157086,0.0000157049,0.0000155280,0.0000155371
0.0000155590,0.0000155637,0.0000153957,0.0000153964
0.0000154597,0.0000154509,0.0000152113,0.0000152257
0.0000153102,0.0000153105,0.0000150816,0.0000150869
0.0000152129,0.0000151993,0.0000148981,0.0000149174
0.0000150638,0.0000150599,0.0000147709,0.0000147806
0.0000149686,0.0000149503,0.0000145883,0.0000146124
0.0000148199,0.0000148119,0.0000144635,0.0000144774
0.0000147269,0.0000147041,0.0000142817,0.0000143105
0.0000145788,0.0000145667,0.0000141593,0.0000141774
0.0000144881,0.0000144607,0.0000139784,0.0000140118
0.0000143407,0.0000143246,0.0000138584,0.0000138806
0.0000142522,0.0000142203,0.0000136783,0.0000137162
0.0000141055,0.0000140854,0.0000135607,0.0000135870
0.0000140193,0.0000139831,0.0000133815,0.0000134240
0.0000138734,0.0000138494,0.0000132663,0.0000132967
0.0000137896,0.0000137489,0.0000130880,0.0000131351
0.0000136444,0.0000136165,0.0000129753,0.0000130097
0.0000135630,0.0000135179,0.0000127979,0.0000128495
0.0000134187,0.0000133868,0.0000126877,0.0000127261
0.0000133397,0.0000132902,0.0000125113,0.0000125674
0.0000131963,0.0000131604,0.0000124035,0.0000124461
0.0000131197,0.0000130657,0.0000122282,0.0000122888
0.0000129771,0.0000129374,0.0000121229,0.0000121695
0.0000129030,0.0000128446,0.0000119486,0.0000120138
0.0000127614,0.0000127177,0.0000118460,0.0000118966
0.0000126897,0.0000126269,0.0000116727,0.0000117425
0.0000125490,0.0000125014,0.0000115726,0.0000116273
0.0000124798,0.0000124127,0.0000114005,0.0000114748
0.0000123401,0.0000122886,0.0000113030,0.0000113617
0.0000122734,0.0000122019,0.0000111321,0.0000112108
0.0000121348,0.0000120793,0.0000110372,0.0000110999
0.0000120705,0.0000119946,0.0000108675,0.0000109507
0.0000119329,0.0000118735,0.0000107752,0.0000108419
0.0000118712,0.0000117908,0.0000106067,0.0000106944
0.0000117346,0.0000116713,0.0000105171,0.0000105878
0.0000116754,0.0000115906,0.0000103498,0.0000104420
0.0000115399,0.0000114727,0.0000102628,0.0000103376
0.0000114832,0.0000113941,0.0000100969,0.0000101936
0.0000113488,0.0000112777,0.0000100126,0.0000100913
0.0000112947,0.0000112012,0.0000098480,0.0000099491
0.0000111614,0.0000110864,0.0000097664,0.0000098491
0.0000111098,0.0000110119,0.0000096031,0.0000097087
0.0000109777,0.0000108987,0.0000095242,0.0000096108
0.0000109286,0.0000108263,0.0000093623,0.0000094723
0.0000107976,0.0000107148,0.0000092860,0.0000093767
0.0000107510,0.0000106444,0.0000091256,0.0000092401
0.0000106213,0.0000105346,0.0000090520,0.0000091467
0.0000105772,0.0000104662,0.0000088930,0.0000090119
0.0000104487,0.0000103581,0.0000088222,0.0000089208
0.0000104071,0.0000102918,0.0000086647,0.0000087880
0.0000102798,0.0000101853,0.0000085965,0.0000086991
0.0000102408,0.0000101211,0.0000084405,0.0000085682
0.0000101147,0.0000100163,0.0000083751,0.0000084816
0.0000100782,0.0000099542,0.0000082205,0.0000083526
0.0000099534,0.0000098511,0.0000081578,0.0000082682
0.0000099194,0.0000097910,0.0000080048,0.0000081413
0.0000097958,0.0000096897,0.0000079448,0.0000080592
0.0000097236,0.0000096127,0.0000078348,0.0000079539
0.0000096524,0.0000095368,0.0000077258,0.0000078496
0.0000095810,0.0000094613,0.0000076189,0.0000077469
0.0000095096,0.0000093863,0.0000075141,0.0000076457
0.0000094383,0.0000093119,0.0000074111,0.0000075459
0.0000093675,0.0000092381,0.0000073097,0.0000074475
0.0000092972,0.0000091651,0.0000072099,0.0000073504
0.0000092276,0.0000090929,0.0000071114,0.0000072544
0.0000091586,0.0000090215,0.0000070143,0.0000071597
0.0000090903,0.0000089510,0.0000069184,0.0000070662
0.0000090229,0.0000088813,0.0000068237,0.0000069738
0.0000089563,0.0000088126,0.0000067302,0.0000068825
0.0000088905,0.0000087447,0.0000066379,0.0000067923
0.0000088256,0.0000086777,0.0000065468,0.0000067033
0.0000087616,0.0000086116,0.0000064567,0.0000066153
0.0000086985,0.0000085465,0.0000063678,0.0000065284
0.0000086363,0.0000084822,0.0000062800,0.0000064427
0.0000085750,0.0000084189,0.0000061933,0.0000063580
0.0000085146,0.0000083565,0.0000061077,0.0000062744
0.0000084551,0.0000082950,0.0000060232,0.0000061919
0.0000083965,0.0000082344,0.0000059397,0.0000061104
0.0000083388,0.0000081748,0.0000058574,0.0000060301
0.0000082820,0.0000081160,0.0000057761,0.0000059508
0.0000082262,0.0000080582,0.0000056959,0.0000058725
0.0000081712,0.0000080012,0.0000056167,0.0000057954
0.0000081171,0.0000079452,0.0000055387,0.0000057193
0.0000080639,0.0000078900,0.0000054617,0.0000056443
0.0000080116,0.0000078358,0.0000053857,0.0000055703
0.0000079602,0.0000077824,0.0000053109,0.0000054974
0.0000079097,0.0000077299,0.0000052371,0.0000054255
0.0000078601,0.0000076783,0.0000051643,0.0000053547
0.0000078113,0.0000076276,0.0000050926,0.0000052850
0.0000077634,0.0000075778,0.0000050219,0.0000052163
0.0000077164,0.0000075288,0.0000049523,0.0000051486
0.0000076702,0.0000074807,0.0000048838,0.0000050820
0.0000076249,0.0000074335,0.0000048162,0.0000050164
0.0000075804,0.0000073871,0.0000047498,0.0000049518
0.0000075368,0.0000073415,0.0000046843,0.0000048883
0.0000074940,0.0000072968,0.0000046199,0.0000048258
0.0000074521,0.0000072529,0.0000045565,0.0000047643
0.0000074110,0.0000072099,0.0000044941,0.0000047038
0.0000073707,0.0000071677,0.0000044327,0.0000046444
0.0000073312,0.0000071263,0.0000043723,0.0000045859
0.0000072926,0.0000070857,0.0000043130,0.0000045285
0.0000072547,0.0000070460,0.0000042546,0.0000044720
0.0000072177,0.0000070070,0.0000041973,0.0000044166
0.0000071814,0.0000069688,0.0000041409,0.0000043621
0.0000071459,0.0000069314,0.0000040855,0.0000043086
0.0000071112,0.0000068948,0.0000040311,0.0000042561
0.0000070773,0.0000068590,0.0000039777,0.0000042046
0.0000070442,0.0000068240,0.0000039252,0.0000041540
0.0000070118,0.0000067897,0.0000038737,0.0000041044
0.0000069801,0.0000067561,0.0000038232,0.0000040557
0.0000069492,0.0000067233,0.0000037736,0.0000040080
0.0000069190,0.0000066913,0.0000037250,0.0000039612
0.0000068896,0.0000066600,0.0000036773,0.0000039154
0.0000068609,0.0000066294,0.0000036305,0.0000038705
0.0000068329,0.0000065995,0.0000035847,0.0000038265
0.0000068056,0.0000065703,0.0000035397,0.0000037834
0.0000067790,0.0000065419,0.0000034957,0.0000037413
0.0000067531,0.0000065141,0.0000034526,0.0000037000
0.0000067279,0.0000064870,0.0000034104,0.0000036596
0.0000067033,0.0000064606,0.0000033691,0.0000036202
0.0000066794,0.0000064349,0.0000033287,0.0000035816
0.0000066562,0.0000064098,0.0000032892,0.0000035438
0.0000066336,0.0000063854,0.0000032505,0.0000035070
0.0000066117,0.0000063616,0.0000032127,0.0000034710
0.0000065904,0.0000063384,0.0000031757,0.0000034358
0.0000065697,0.0000063159,0.0000031396,0.0000034015
0.0000065496,0.0000062940,0.0000031043,0.0000033681
0.0000065302,0.0000062727,0.0000030699,0.0000033354
0.0000065113,0.0000062520,0.0000030363,0.0000033036
0.0000064930,0.0000062319,0.0000030035,0.0000032726
0.0000064753,0.0000062124,0.0000029715,0.0000032424
0.0000064582,0.0000061935,0.0000029403,0.0000032130
0.0000064416,0.0000061751,0.0000029099,0.0000031844
0.0000064256,0.0000061573,0.0000028803,0.0000031565
0.0000064102,0.0000061400,0.0000028515,0.0000031295
0.0000063952,0.0000061233,0.0000028234,0.0000031032
0.0000063808,0.0000061071,0.0000027961,0.0000030776
0.0000063669,0.0000060914,0.0000027695,0.0000030528
0.0000063535,0.0000060762,0.0000027437,0.0000030287
0.0000063406,0.0000060615,0.0000027186,0.0000030054
0.0000063282,0.0000060473,0.0000026943,0.0000029827
0.0000063162,0.0000060336,0.0000026706,0.0000029608
0.0000063047,0.0000060203,0.0000026477,0.0000029396
0.0000062937,0.0000060076,0.0000026254,0.0000029190
0.0000062831,0.0000059952,0.0000026039,0.0000028992
0.0000062730,0.0000059833,0.0000025830,0.0000028800
0.0000062633,0.0000059719,0.0000025628,0.0000028615
0.0000062540,0.0000059608,0.0000025432,0.0000028436
0.0000062451,0.0000059502,0.0000025243,0.0000028264
0.0000062366,0.0000059399,0.0000025060,0.0000028099
0.0000062285,0.0000059301,0.0000024884,0.0000027939
0.0000062207,0.0000059206,0.0000024714,0.0000027786
0.0000062133,0.0000059116,0.0000024550,0.0000027638
0.0000062063,0.0000059028,0.0000024392,0.0000027497
0.0000061997,0.0000058944,0.0000024240,0.0000027362
0.0000061933,0.0000058864,0.0000024094,0.0000027232
0.0000061873,0.0000058787,0.0000023953,0.0000027108
0.0000061816,0.0000058713,0.0000023818,0.0000026990
0.0000061762,0.0000058642,0.0000023689,0.0000026877
0.0000061712,0.0000058575,0.0000023565,0.0000026769
0.0000061664,0.0000058510,0.0000023447,0.0000026667
0.0000061618,0.0000058448,0.0000023334,0.0000026570
0.0000061576,0.0000058389,0.0000023226,0.0000026478
0.0000061522,0.0000058339,0.0000023122,0.0000026399
0.0000061491,0.0000058280,0.0000023027,0.0000026312
0.0000061448,0.0000058232,0.0000022934,0.0000026239
0.0000061422,0.0000058178,0.0000022848,0.0000026162
0.0000061385,0.0000058134,0.0000022763,0.0000026098
0.0000061369,0.0000058071,0.0000022693,0.0000026029
0.0000061335,0.0000058036,0.0000022613,0.0000025976
0.0000061318,0.0000057985,0.0000022547,0.0000025918
0.0000061287,0.0000057954,0.0000022476,0.0000025873
0.0000061273,0.0000057907,0.0000022418,0.0000025824
0.0000061246,0.0000057879,0.0000022356,0.0000025785
0.0000061228,0.0000057843,0.0000022311,0.0000025738
0.0000061210,0.0000057813,0.0000022256,0.0000025706
0.0000061200,0.0000057776,0.0000022218,0.0000025667
0.0000061172,0.0000057762,0.0000022155,0.0000025657
0.0000061169,0.0000057722,0.0000022126,0.0000025623
0.0000061162,0.0000057699,0.0000022087,0.0000025596
0.0000061150,0.0000057666,0.0000022058,0.0000025583
0.0000061130,0.0000057650,0.0000022019,0.0000025577
0.0000061117,0.0000057621,0.0000022003,0.0000025564
0.0000061115,0.0000057594,0.0000021982,0.0000025548
0.0000061108,0.0000057568,0.0000021954,0.0000025553
0.0000061095,0.0000057544,0.0000021940,0.0000025554
0.0000061084,0.0000057516,0.0000021927,0.0000025561
0.0000061065,0.0000057502,0.0000021908,0.0000025576
0.0000061064,0.0000057466,0.0000021907,0.0000025581
0.0000061055,0.0000057442,0.0000021901,0.0000025594
0.0000061052,0.0000057411,0.0000021906,0.0000025600
0.0000061040,0.0000057393,0.0000021905,0.0000025615
0.0000061026,0.0000057368,0.0000021907,0.0000025637
0.0000061010,0.0000057338,0.0000021914,0.0000025667
0.0000061009,0.0000057312,0.0000021926,0.0000025676
0.0000061006,0.0000057280,0.0000021943,0.0000025692
0.0000060989,0.0000057258,0.0000021955,0.0000025719
0.0000060976,0.0000057235,0.0000021966,0.0000025746
0.0000060951,0.0000057218,0.0000021975,0.0000025784
0.0000060952,0.0000057181,0.0000022002,0.0000025801
0.0000060937,0.0000057159,0.0000022011,0.0000025836
0.0000060925,0.0000057126,0.0000022035,0.0000025865
0.0000060899,0.0000057101,0.0000022056,0.0000025906
0.0000060893,0.0000057063,0.0000022080,0.0000025935
0.0000060869,0.0000057035,0.0000022101,0.0000025977
0.0000060850,0.0000057000,0.0000022127,0.0000026015
0.0000060827,0.0000056966,0.0000022151,0.0000026058
0.0000061297,0.0000056969,0.0000021694,0.0000026053
0.0000060669,0.0000056872,0.0000022335,0.0000026141
0.0000061158,0.0000056884,0.0000021842,0.0000026143
0.0000060527,0.0000056803,0.0000022467,0.0000026232
0.0000061036,0.0000056800,0.0000021963,0.0000026235
0.0000060423,0.0000056715,0.0000022576,0.0000026318
0.0000060937,0.0000056705,0.0000022063,0.0000026327
0.0000060331,0.0000056621,0.0000022665,0.0000026407
0.0000060844,0.0000056602,0.0000022149,0.0000026423
0.0000060244,0.0000056518,0.0000022744,0.0000026498
0.0000060753,0.0000056490,0.0000022228,0.0000026520
0.0000060155,0.0000056406,0.0000022817,0.0000026591
0.0000060659,0.0000056370,0.0000022302,0.0000026617
0.0000060062,0.0000056285,0.0000022887,0.0000026684
0.0000060558,0.0000056241,0.0000022374,0.0000026715
0.0000059954,0.0000056170,0.0000022947,0.0000026778
0.0000060446,0.0000056109,0.0000022442,0.0000026811
0.0000059843,0.0000056037,0.0000023011,0.0000026866
0.0000060328,0.0000055964,0.0000022510,0.0000026904
0.0000059723,0.0000055894,0.0000023074,0.0000026955
0.0000060199,0.0000055809,0.0000022576,0.0000026997
0.0000059592,0.0000055739,0.0000023135,0.0000027042
0.0000060059,0.0000055642,0.0000022641,0.0000027089
0.0000059458,0.0000055571,0.0000023202,0.0000027112
0.0000059906,0.0000055466,0.0000022702,0.0000027178
0.0000059305,0.0000055395,0.0000023259,0.0000027193
0.0000059745,0.0000055277,0.0000022764,0.0000027261
0.0000059141,0.0000055207,0.0000023314,0.0000027269
0.0000059571,0.0000055077,0.0000022823,0.0000027340
0.0000058964,0.0000055007,0.0000023366,0.0000027342
0.0000059384,0.0000054864,0.0000022879,0.0000027416
0.0000058775,0.0000054794,0.0000023415,0.0000027411
0.0000059185,0.0000054638,0.0000022931,0.0000027488
0.0000058573,0.0000054569,0.0000023460,0.0000027476
0.0000058972,0.0000054400,0.0000022979,0.0000027556
0.0000058357,0.0000054331,0.0000023501,0.0000027536
0.0000058747,0.0000054149,0.0000023024,0.0000027618
0.0000058128,0.0000054080,0.0000023537,0.0000027592
0.0000058507,0.0000053884,0.0000023064,0.0000027676
0.0000057886,0.0000053816,0.0000023569,0.0000027642
0.0000058253,0.0000053606,0.0000023099,0.0000027729
0.0000057629,0.0000053538,0.0000023596,0.0000027687
0.0000057986,0.0000053314,0.0000023129,0.0000027776
0.0000057358,0.0000053246,0.0000023618,0.0000027726
0.0000057695,0.0000053010,0.0000023145,0.0000027834
0.0000057071,0.0000052938,0.0000023631,0.0000027768
0.0000057397,0.0000052687,0.0000023163,0.0000027877
0.0000056771,0.0000052615,0.0000023641,0.0000027801
0.0000057085,0.0000052351,0.0000023175,0.0000027912
0.0000056457,0.0000052279,0.0000023645,0.0000027825
0.0000056758,0.0000052001,0.0000023181,0.0000027940
0.0000056128,0.0000051929,0.0000023643,0.0000027843
0.0000056417,0.0000051637,0.0000023181,0.0000027962
0.0000055785,0.0000051565,0.0000023635,0.0000027855
0.0000056061,0.0000051260,0.0000023175,0.0000027976
0.0000055427,0.0000051187,0.0000023620,0.0000027859
0.0000055690,0.0000050867,0.0000023163,0.0000027984
0.0000055054,0.0000050795,0.0000023599,0.0000027856
0.0000055304,0.0000050461,0.0000023144,0.0000027984
0.0000054667,0.0000050388,0.0000023571,0.0000027846
0.0000054904,0.0000050041,0.0000023118,0.0000027978
0.0000054265,0.0000049968,0.0000023537,0.0000027829
0.0000054489,0.0000049606,0.0000023086,0.0000027965
0.0000053848,0.0000049533,0.0000023496,0.0000027806
0.0000054060,0.0000049157,0.0000023047,0.0000027944
0.0000053417,0.0000049084,0.0000023448,0.0000027775
0.0000053616,0.0000048694,0.0000023002,0.0000027916
0.0000052972,0.0000048620,0.0000023393,0.0000027736
0.0000053157,0.0000048217,0.0000022949,0.0000027882
0.0000052512,0.0000048143,0.0000023331,0.0000027691
0.0000052685,0.0000047726,0.0000022890,0.0000027840
0.0000052038,0.0000047653,0.0000023263,0.0000027639
0.0000052198,0.0000047221,0.0000022824,0.0000027791
0.0000051550,0.0000047148,0.0000023188,0.0000027579
0.0000051697,0.0000046703,0.0000022752,0.0000027735
0.0000051049,0.0000046630,0.0000023106,0.0000027513
0.0000051183,0.0000046171,0.0000022673,0.0000027672
0.0000050534,0.0000046099,0.0000023018,0.0000027439
0.0000050655,0.0000045626,0.0000022587,0.0000027602
0.0000050005,0.0000045555,0.0000022923,0.0000027359
0.0000050113,0.0000045069,0.0000022495,0.0000027526
0.0000049464,0.0000044998,0.0000022822,0.0000027272
0.0000049559,0.0000044499,0.0000022397,0.0000027442
0.0000048909,0.0000044429,0.0000022714,0.0000027179
0.0000048992,0.0000043916,0.0000022293,0.0000027353
0.0000048342,0.0000043847,0.0000022601,0.0000027079
0.0000048413,0.0000043321,0.0000022183,0.0000027257
0.0000047763,0.0000043254,0.0000022481,0.0000026973
0.0000047821,0.0000042715,0.0000022066,0.0000027155
0.0000047171,0.0000042649,0.0000022356,0.0000026861
0.0000047218,0.0000042097,0.0000021945,0.0000027046
0.0000046569,0.0000042032,0.0000022226,0.0000026743
0.0000046603,0.0000041469,0.0000021818,0.0000026933
0.0000045965,0.0000041400,0.0000022091,0.0000026613
0.0000045983,0.0000040827,0.0000021684,0.0000026811
0.0000045339,0.0000040764,0.0000021947,0.0000026486
0.0000045345,0.0000040178,0.0000021546,0.0000026687
0.0000044700,0.0000040119,0.0000021800,0.0000026354
0.0000044697,0.0000039519,0.0000021404,0.0000026558
0.0000044050,0.0000039463,0.0000021650,0.0000026217
0.0000044038,0.0000038851,0.0000021259,0.0000026425
0.0000043391,0.0000038798,0.0000021496,0.0000026075
0.0000043369,0.0000038173,0.0000021110,0.0000026286
0.0000042722,0.0000038124,0.0000021339,0.0000025929
0.0000042691,0.0000037487,0.0000020958,0.0000026144
0.0000042044,0.0000037442,0.0000021177,0.0000025779
0.0000042005,0.0000036792,0.0000020802,0.0000025997
0.0000041358,0.0000036751,0.0000021013,0.0000025624
0.0000041317,0.0000036077,0.0000020650,0.0000025846
0.0000040669,0.0000036046,0.0000020848,0.0000025468
0.0000040615,0.0000035366,0.0000020486,0.0000025695
0.0000039984,0.0000035331,0.0000020678,0.0000025301
0.0000039915,0.0000034645,0.0000020319,0.0000025537
0.0000039284,0.0000034616,0.0000020502,0.0000025136
0.0000039203,0.0000033923,0.0000020148,0.0000025379
0.0000038576,0.0000033898,0.0000020325,0.0000024969
0.0000038484,0.0000033196,0.0000019976,0.0000025218
0.0000037862,0.0000033174,0.0000020146,0.0000024800
0.0000037760,0.0000032464,0.0000019804,0.0000025055
0.0000037141,0.0000032446,0.0000019967,0.0000024629
0.0000037030,0.0000031728,0.0000019630,0.0000024890
0.0000036416,0.0000031714,0.0000019787,0.0000024457
0.0000036296,0.0000030988,0.0000019456,0.0000024725
0.0000035687,0.0000030978,0.0000019607,0.0000024284
0.0000035557,0.0000030245,0.0000019282,0.0000024558
0.0000034954,0.0000030239,0.0000019427,0.0000024111
0.0000034815,0.0000029498,0.0000019108,0.0000024392
0.0000034218,0.0000029497,0.0000019247,0.0000023938
0.0000034071,0.0000028750,0.0000018935,0.0000024225
0.0000033480,0.0000028753,0.0000019068,0.0000023765
0.0000033324,0.0000028000,0.0000018763,0.0000024060
0.0000032739,0.0000028008,0.0000018890,0.0000023593
0.0000032576,0.0000027249,0.0000018592,0.0000023895
0.0000031998,0.0000027263,0.0000018714,0.0000023422
0.0000031827,0.0000026498,0.0000018423,0.0000023732
0.0000031256,0.0000026516,0.0000018540,0.0000023253
0.0000031077,0.0000025747,0.0000018256,0.0000023571
0.0000030513,0.0000025771,0.0000018369,0.0000023086
0.0000030328,0.0000024996,0.0000018092,0.0000023412
0.0000029772,0.0000025026,0.0000018201,0.0000022922
0.0000029579,0.0000024247,0.0000017931,0.0000023256
0.0000029031,0.0000024283,0.0000018036,0.0000022761
0.0000028832,0.0000023500,0.0000017774,0.0000023103
0.0000028292,0.0000023542,0.0000017875,0.0000022604
0.0000028087,0.0000022755,0.0000017621,0.0000022954
0.0000027556,0.0000022804,0.0000017718,0.0000022450
0.0000027352,0.0000021999,0.0000017480,0.0000022807
0.0000026825,0.0000022061,0.0000017568,0.0000022303
0.0000026615,0.0000021254,0.0000017338,0.0000022670
0.0000026095,0.0000021325,0.0000017421,0.0000022162
0.0000025881,0.0000020515,0.0000017201,0.0000022536
0.0000025370,0.0000020596,0.0000017280,0.0000022025
0.0000025151,0.0000019783,0.0000017069,0.0000022408
0.0000024649,0.0000019871,0.0000017145,0.0000021893
0.0000024426,0.0000019055,0.0000016943,0.0000022285
0.0000023933,0.0000019153,0.0000017016,0.0000021767
0.0000023707,0.0000018335,0.0000016824,0.0000022168
0.0000023224,0.0000018442,0.0000016894,0.0000021647
0.0000022994,0.0000017621,0.0000016713,0.0000022057
0.0000022521,0.0000017737,0.0000016780,0.0000021535
0.0000022288,0.0000016914,0.0000016608,0.0000021954
0.0000021825,0.0000017040,0.0000016673,0.0000021429
0.0000021590,0.0000016215,0.0000016512,0.0000021858
0.0000021136,0.0000016351,0.0000016574,0.0000021332
0.0000020899,0.0000015525,0.0000016424,0.0000021770
0.0000020456,0.0000015670,0.0000016484,0.0000021242
0.0000020217,0.0000014843,0.0000016344,0.0000021690
0.0000019785,0.0000014999,0.0000016402,0.0000021161
0.0000019544,0.0000014171,0.0000016274,0.0000021619
0.0000019123,0.0000014337,0.0000016330,0.0000021089
0.0000018881,0.0000013509,0.0000016213,0.0000021557
0.0000018471,0.0000013686,0.0000016268,0.0000021027
0.0000018228,0.0000012858,0.0000016162,0.0000021505
0.0000017830,0.0000013045,0.0000016216,0.0000020974
0.0000017586,0.0000012218,0.0000016121,0.0000021462
0.0000017199,0.0000012416,0.0000016174,0.0000020931
0.0000016955,0.0000011590,0.0000016090,0.0000021430
0.0000016580,0.0000011799,0.0000016143,0.0000020899
0.0000016336,0.0000010973,0.0000016071,0.0000021408
0.0000015973,0.0000011193,0.0000016123,0.0000020877
0.0000015729,0.0000010370,0.0000016063,0.0000021397
0.0000015379,0.0000010601,0.0000016114,0.0000020867
0.0000015135,0.0000009779,0.0000016066,0.0000021397
0.0000014797,0.0000010022,0.0000016117,0.0000020868
0.0000014554,0.0000009203,0.0000016081,0.0000021409
0.0000014228,0.0000009464,0.0000016121,0.0000020887
0.0000013989,0.0000008641,0.0000016104,0.0000021434
0.0000013677,0.0000008909,0.0000016153,0.0000020909
0.0000013437,0.0000008087,0.0000016156,0.0000021463
0.0000013137,0.0000008362,0.0000016216,0.0000020935
0.0000012893,0.0000007557,0.0000016209,0.0000021514
0.0000012607,0.0000007850,0.0000016257,0.0000020994
0.0000012372,0.0000007035,0.0000016282,0.0000021570
0.0000012097,0.0000007342,0.0000016329,0.0000021054
0.0000011861,0.0000006539,0.0000016351,0.0000021650
0.0000011604,0.0000006851,0.0000016411,0.0000021128
0.0000011370,0.0000006053,0.0000016444,0.0000021736
0.0000011126,0.0000006376,0.0000016509,0.0000021215
0.0000010893,0.0000005584,0.0000016553,0.0000021836
0.0000010664,0.0000005917,0.0000016621,0.0000021316
0.0000010433,0.0000005131,0.0000016675,0.0000021949
0.0000010216,0.0000005485,0.0000016730,0.0000021440
0.0000009993,0.0000004699,0.0000016803,0.0000022078
0.0000009790,0.0000005064,0.0000016862,0.0000021571
0.0000009570,0.0000004282,0.0000016949,0.0000022220
0.0000009381,0.0000004660,0.0000017011,0.0000021716
0.0000009164,0.0000003884,0.0000017111,0.0000022375
0.0000008989,0.0000004274,0.0000017174,0.0000021874
0.0000008775,0.0000003503,0.0000017287,0.0000022544
0.0000008615,0.0000003906,0.0000017353,0.0000022047
0.0000008404,0.0000003141,0.0000017478,0.0000022728
0.0000008258,0.0000003556,0.0000017547,0.0000022235
0.0000008052,0.0000002797,0.0000017685,0.0000022926
0.0000007920,0.0000003226,0.0000017755,0.0000022437
0.0000007718,0.0000002473,0.0000017906,0.0000023139
0.0000007600,0.0000002914,0.0000017979,0.0000022653
0.0000007403,0.0000002168,0.0000018142,0.0000023366
0.0000007300,0.0000002622,0.0000018217,0.0000022884
0.0000007106,0.0000001882,0.0000018393,0.0000023607
0.0000007018,0.0000002349,0.0000018471,0.0000023130
0.0000006829,0.0000001616,0.0000018660,0.0000023864
0.0000006755,0.0000002095,0.0000018740,0.0000023391
0.0000006572,0.0000001369,0.0000018941,0.0000024135
0.0000006512,0.0000001861,0.0000019024,0.0000023666
0.0000006334,0.0000001143,0.0000019237,0.0000024420
0.0000006289,0.0000001647,0.0000019323,0.0000023957
0.0000006178,0.0000001479,0.0000019483,0.0000024176
0.0000006070,0.0000001315,0.0000019651,0.0000024400
0.0000005969,0.0000001173,0.0000019820,0.0000024611
0.0000005874,0.0000001048,0.0000019992,0.0000024812
0.0000005785,0.0000000938,0.0000020166,0.0000025008
0.0000005701,0.0000000840,0.0000020344,0.0000025200
0.0000005623,0.0000000754,0.0000020524,0.0000025390
0.0000005551,0.0000000676,0.0000020708,0.0000025579
0.0000005484,0.0000000607,0.0000020895,0.0000025768
0.0000005422,0.0000000546,0.0000021085,0.0000025959
0.0000005365,0.0000000491,0.0000021279,0.0000026151
0.0000005313,0.0000000443,0.0000021476,0.0000026345
0.0000005267,0.0000000401,0.0000021677,0.0000026541
0.0000005232,0.0000000352,0.0000021888,0.0000026739
0.0000005180,0.0000000334,0.0000022090,0.0000026951
0.0000005156,0.0000000302,0.0000022305,0.0000027151
0.0000005121,0.0000000290,0.0000022516,0.0000027364
0.0000005106,0.0000000270,0.0000022737,0.0000027571
0.0000005090,0.0000000256,0.0000022962,0.0000027786
0.0000005068,0.0000000261,0.0000023182,0.0000028009
0.0000005066,0.0000000263,0.0000023410,0.0000028225
0.0000005065,0.0000000272,0.0000023640,0.0000028447
0.0000005068,0.0000000288,0.0000023872,0.0000028673
0.0000005074,0.0000000311,0.0000024106,0.0000028902
0.0000005094,0.0000000326,0.0000024352,0.0000029130
0.0000005119,0.0000000350,0.0000024595,0.0000029363
0.0000005133,0.0000000394,0.0000024835,0.0000029606
0.0000005169,0.0000000421,0.0000025091,0.0000029845
0.0000005195,0.0000000469,0.0000025341,0.0000030093
0.0000005243,0.0000000505,0.0000025603,0.0000030337
0.0000005275,0.0000000567,0.0000025856,0.0000030593
0.0000005334,0.0000000610,0.0000026124,0.0000030841
0.0000005373,0.0000000685,0.0000026382,0.0000031105
0.0000005443,0.0000000736,0.0000026658,0.0000031357
0.0000005498,0.0000000806,0.0000026929,0.0000031625
0.0000005559,0.0000000879,0.0000027204,0.0000031894
0.0000005627,0.0000000956,0.0000027483,0.0000032164
0.0000005699,0.0000001038,0.0000027763,0.0000032436
0.0000005776,0.0000001125,0.0000028047,0.0000032711
0.0000005858,0.0000001216,0.0000028333,0.0000032988
0.0000005945,0.0000001312,0.0000028621,0.0000033267
0.0000006035,0.0000001413,0.0000028912,0.0000033548
0.0000006131,0.0000001518,0.0000029205,0.0000033832
0.0000006230,0.0000001627,0.0000029500,0.0000034118
0.0000006334,0.0000001741,0.0000029798,0.0000034407
0.0000006442,0.0000001859,0.0000030097,0.0000034697
0.0000006555,0.0000001981,0.0000030400,0.0000034990
0.0000006671,0.0000002108,0.0000030704,0.0000035285
0.0000006791,0.0000002238,0.0000031010,0.0000035581
0.0000006916,0.0000002373,0.0000031319,0.0000035880
0.0000007044,0.0000002511,0.0000031629,0.0000036181
0.0000007177,0.0000002654,0.0000031941,0.0000036483
0.0000007313,0.0000002800,0.0000032256,0.0000036788
0.0000007453,0.0000002951,0.0000032572,0.0000037094
0.0000007597,0.0000003105,0.0000032890,0.0000037402
0.0000007744,0.0000003263,0.0000033209,0.0000037711
0.0000007895,0.0000003425,0.0000033530,0.0000038022
0.0000008050,0.0000003590,0.0000033853,0.0000038335
0.0000008208,0.0000003759,0.0000034177,0.0000038649
0.0000008370,0.0000003932,0.0000034503,0.0000038964
0.0000008535,0.0000004108,0.0000034829,0.0000039281
0.0000008704,0.0000004287,0.0000035158,0.0000039598
0.0000008876,0.0000004470,0.0000035487,0.0000039917
0.0000009051,0.0000004656,0.0000035818,0.0000040237
0.0000009229,0.0000004845,0.0000036149,0.0000040558
0.0000009411,0.0000005038,0.0000036482,0.0000040880
0.0000009595,0.0000005234,0.0000036816,0.0000041203
0.0000009783,0.0000005432,0.0000037150,0.0000041527
0.0000009973,0.0000005634,0.0000037485,0.0000041851
0.0000010166,0.0000005839,0.0000037821,0.0000042176
0.0000010362,0.0000006046,0.0000038158,0.0000042502
0.0000010561,0.0000006257,0.0000038495,0.0000042828
0.0000010763,0.0000006470,0.0000038833,0.0000043154
0.0000010967,0.0000006686,0.0000039171,0.0000043481
0.0000011174,0.0000006904,0.0000039509,0.0000043808
0.0000011383,0.0000007125,0.0000039848,0.0000044136
0.0000011594,0.0000007349,0.0000040187,0.0000044463
0.0000011808,0.0000007574,0.0000040526,0.0000044791
0.0000012025,0.0000007803,0.0000040865,0.0000045118
0.0000012243,0.0000008033,0.0000041204,0.0000045445
0.0000012464,0.0000008266,0.0000041543,0.0000045773
0.0000012686,0.0000008501,0.0000041881,0.0000046099
0.0000012911,0.0000008737,0.0000042220,0.0000046426
0.0000013137,0.0000008976,0.0000042558,0.0000046752
0.0000013366,0.0000009217,0.0000042895,0.0000047078
0.0000013596,0.0000009459,0.0000043232,0.0000047403
0.0000013828,0.0000009704,0.0000043569,0.0000047727
0.0000014061,0.0000009950,0.0000043905,0.0000048051
0.0000014296,0.0000010197,0.0000044240,0.0000048373
0.0000014532,0.0000010446,0.0000044574,0.0000048695
0.0000014770,0.0000010697,0.0000044907,0.0000049016
0.0000015010,0.0000010949,0.0000045239,0.0000049336
0.0000015250,0.0000011202,0.0000045570,0.0000049654
0.0000015492,0.0000011457,0.0000045900,0.0000049972
0.0000015734,0.0000011713,0.0000046229,0.0000050288
0.0000015978,0.0000011969,0.0000046557,0.0000050603
0.0000016223,0.0000012227,0.0000046883,0.0000050916
0.0000016469,0.0000012486,0.0000047207,0.0000051228
0.0000016715,0.0000012746,0.0000047530,0.0000051538
0.0000016962,0.0000013006,0.0000047852,0.0000051846
0.0000017210,0.0000013267,0.0000048171,0.0000052152
0.0000017458,0.0000013529,0.0000048489,0.0000052457
0.0000017707,0.0000013792,0.0000048805,0.0000052760
0.0000017956,0.0000014054,0.0000049119,0.0000053060
0.0000018206,0.0000014318,0.0000049431,0.0000053359
0.0000018456,0.0000014581,0.0000049741,0.0000053655
0.0000018706,0.0000014845,0.0000050048,0.0000053949
0.0000018956,0.0000015109,0.0000050354,0.0000054241
0.0000019207,0.0000015373,0.0000050657,0.0000054531
0.0000019457,0.0000015637,0.0000050957,0.0000054817
0.0000019707,0.0000015901,0.0000051255,0.0000055102
0.0000019957,0.0000016165,0.0000051550,0.0000055383
0.0000020207,0.0000016429,0.0000051843,0.0000055662
0.0000020456,0.0000016693,0.0000052133,0.0000055938
0.0000020705,0.0000016956,0.0000052420,0.0000056211
0.0000020953,0.0000017219,0.0000052704,0.0000056481
0.0000021201,0.0000017481,0.0000052986,0.0000056748
0.0000021449,0.0000017743,0.0000053264,0.0000057012
0.0000021695,0.0000018004,0.0000053539,0.0000057273
0.0000021941,0.0000018264,0.0000053811,0.0000057530
0.0000022186,0.0000018524,0.0000054079,0.0000057785
0.0000022430,0.0000018782,0.0000054345,0.0000058035
0.0000022673,0.0000019040,0.0000054607,0.0000058283
0.0000022915,0.0000019297,0.0000054865,0.0000058526
0.0000023156,0.0000019553,0.0000055120,0.0000058766
0.0000023396,0.0000019807,0.0000055371,0.0000059003
0.0000023634,0.0000020061,0.0000055618,0.0000059235
0.0000023871,0.0000020313,0.0000055862,0.0000059464
0.0000024107,0.0000020563,0.0000056102,0.0000059689
0.0000024341,0.0000020813,0.0000056338,0.0000059910
0.0000024574,0.0000021060,0.0000056569,0.0000060126
0.0000024805,0.0000021307,0.0000056797,0.0000060339
0.0000025034,0.0000021551,0.0000057021,0.0000060548
0.0000025262,0.0000021794,0.0000057241,0.0000060752
0.0000025488,0.0000022035,0.0000057456,0.0000060952
0.0000025712,0.0000022275,0.0000057667,0.0000061148
0.0000025934,0.0000022512,0.0000057874,0.0000061339
0.0000026153,0.0000022748,0.0000058076,0.0000061525
0.0000026371,0.0000022981,0.0000058274,0.0000061708
0.0000026587,0.0000023213,0.0000058467,0.0000061885
0.0000026801,0.0000023442,0.0000058655,0.0000062058
0.0000027012,0.0000023669,0.0000058839,0.0000062226
0.0000027221,0.0000023894,0.0000059019,0.0000062389
0.0000027428,0.0000024116,0.0000059193,0.0000062548
0.0000027632,0.0000024337,0.0000059363,0.0000062701
0.0000027834,0.0000024554,0.0000059527,0.0000062850
0.0000028033,0.0000024770,0.0000059687,0.0000062994
0.0000028229,0.0000024982,0.0000059842,0.0000063132
0.0000028423,0.0000025192,0.0000059992,0.0000063266
0.0000028476,0.0000025008,0.0000060276,0.0000063787
0.0000028838,0.0000025706,0.0000060241,0.0000063416
0.0000028877,0.0000025503,0.0000060510,0.0000063952
0.0000029245,0.0000026170,0.0000060475,0.0000063574
0.0000029269,0.0000025953,0.0000060737,0.0000064113
0.0000029617,0.0000026600,0.0000060698,0.0000063747
0.0000029633,0.0000026372,0.0000060952,0.0000064279
0.0000029968,0.0000026999,0.0000060909,0.0000063917
0.0000029980,0.0000026765,0.0000061152,0.0000064437
0.0000030303,0.0000027374,0.0000061103,0.0000064075
0.0000030311,0.0000027130,0.0000061349,0.0000064572
0.0000030620,0.0000027729,0.0000061285,0.0000064214
0.0000030624,0.0000027484,0.0000061516,0.0000064696
0.0000030922,0.0000028069,0.0000061443,0.0000064336
0.0000030922,0.0000027822,0.0000061660,0.0000064800
0.0000031211,0.0000028393,0.0000061578,0.0000064437
0.0000031208,0.0000028146,0.0000061781,0.0000064883
0.0000031487,0.0000028703,0.0000061690,0.0000064516
0.0000031480,0.0000028456,0.0000061878,0.0000064943
0.0000031748,0.0000028999,0.0000061778,0.0000064572
0.0000031737,0.0000028751,0.0000061952,0.0000064980
0.0000031995,0.0000029280,0.0000061843,0.0000064606
0.0000031981,0.0000029032,0.0000062003,0.0000064993
0.0000032227,0.0000029546,0.0000061885,0.0000064615
0.0000032210,0.0000029298,0.0000062030,0.0000064983
0.0000032445,0.0000029798,0.0000061903,0.0000064601
0.0000032424,0.0000029549,0.0000062033,0.0000064949
0.0000032648,0.0000030035,0.0000061897,0.0000064563
0.0000032623,0.0000029786,0.0000062012,0.0000064891
0.0000032836,0.0000030258,0.0000061866,0.0000064501
0.0000032807,0.0000030008,0.0000061967,0.0000064808
0.0000033008,0.0000030465,0.0000061812,0.0000064414
0.0000032975,0.0000030215,0.0000061897,0.0000064701
0.0000033165,0.0000030656,0.0000061734,0.0000064303
0.0000033128,0.0000030406,0.0000061804,0.0000064569
0.0000033306,0.0000030833,0.0000061631,0.0000064167
0.0000033266,0.0000030582,0.0000061686,0.0000064413
0.0000033432,0.0000030993,0.0000061505,0.0000064007
0.0000033387,0.0000030743,0.0000061544,0.0000064232
0.0000033543,0.0000031132,0.0000061366,0.0000063816
0.0000033491,0.0000030885,0.0000061384,0.0000064025
0.0000033648,0.0000031256,0.0000061189,0.0000063602
0.0000033588,0.0000031013,0.0000061190,0.0000063793
0.0000033732,0.0000031372,0.0000060981,0.0000063371
0.0000033667,0.0000031128,0.0000060969,0.0000063540
0.0000033798,0.0000031472,0.0000060750,0.0000063115
0.0000033730,0.0000031226,0.0000060725,0.0000063261
0.0000033849,0.0000031556,0.0000060494,0.0000062835
0.0000033776,0.0000031309,0.0000060457,0.0000062959
0.0000033883,0.0000031624,0.0000060215,0.0000062530
0.0000033806,0.0000031376,0.0000060165,0.0000062632
0.0000033902,0.0000031668,0.0000059928,0.0000062193
0.0000033818,0.0000031425,0.0000059857,0.0000062279
0.0000033901,0.0000031702,0.0000059611,0.0000061837
0.0000033813,0.0000031460,0.0000059524,0.0000061904
0.0000033885,0.0000031721,0.0000059269,0.0000061459
0.0000033793,0.0000031479,0.0000059166,0.0000061505
0.0000033853,0.0000031724,0.0000058903,0.0000061057
0.0000033757,0.0000031483,0.0000058784,0.0000061082
0.0000033802,0.0000031713,0.0000058509,0.0000060639
0.0000033705,0.0000031471,0.0000058378,0.0000060641
0.0000033743,0.0000031683,0.0000058101,0.0000060186
0.0000033652,0.0000031438,0.0000057953,0.0000060163
0.0000033676,0.0000031638,0.0000057668,0.0000059704
0.0000033571,0.0000031400,0.0000057502,0.0000059669
0.0000033586,0.0000031583,0.0000057212,0.0000059204
0.0000033473,0.0000031348,0.0000057029,0.0000059153
0.0000033471,0.0000031514,0.0000056727,0.0000058697
0.0000033354,0.0000031280,0.0000056533,0.0000058624
0.0000033345,0.0000031428,0.0000056226,0.0000058162
0.0000033224,0.0000031195,0.0000056018,0.0000058069
0.0000033206,0.0000031326,0.0000055705,0.0000057604
0.0000033079,0.0000031097,0.0000055481,0.0000057493
0.0000033052,0.0000031211,0.0000055163,0.0000057024
0.0000032920,0.0000030985,0.0000054925,0.0000056895
0.0000032884,0.0000031081,0.0000054601,0.0000056423
0.0000032747,0.0000030859,0.0000054347,0.0000056276
0.0000032702,0.0000030939,0.0000054018,0.0000055802
0.0000032575,0.0000030712,0.0000053751,0.0000055629
0.0000032514,0.0000030781,0.0000053413,0.0000055159
0.0000032383,0.0000030558,0.0000053132,0.0000054968
0.0000032310,0.0000030612,0.0000052788,0.0000054497
0.0000032176,0.0000030392,0.0000052494,0.0000054288
0.0000032093,0.0000030430,0.0000052145,0.0000053817
0.0000031950,0.0000030225,0.0000051831,0.0000053590
0.0000031861,0.0000030242,0.0000051481,0.0000053116
0.0000031721,0.0000030031,0.0000051159,0.0000052870
0.0000031619,0.0000030035,0.0000050803,0.0000052398
0.0000031479,0.0000029824,0.0000050470,0.0000052135
0.0000031366,0.0000029816,0.0000050108,0.0000051665
0.0000031226,0.0000029605,0.0000049763,0.0000051383
0.0000031101,0.0000029584,0.0000049396,0.0000050915
0.0000030961,0.0000029375,0.0000049040,0.0000050615
0.0000030817,0.0000029200,0.0000048671,0.0000050285
0.0000030684,0.0000029248,0.0000048294,0.0000049731
0.0000030539,0.0000029044,0.0000047917,0.0000049413
0.0000030394,0.0000028864,0.0000047535,0.0000049064
0.0000030241,0.0000028872,0.0000047160,0.0000048529
0.0000030094,0.0000028675,0.0000046765,0.0000048188
0.0000029947,0.0000028495,0.0000046368,0.0000047820
0.0000029775,0.0000028466,0.0000045996,0.0000047304
0.0000029635,0.0000028263,0.0000045589,0.0000046937
0.0000029482,0.0000028092,0.0000045172,0.0000046552
0.0000029290,0.0000028031,0.0000044802,0.0000046054
0.0000029145,0.0000027848,0.0000044373,0.0000045664
0.0000028995,0.0000027677,0.0000043945,0.0000045255
0.0000028785,0.0000027581,0.0000043579,0.0000044776
0.0000028642,0.0000027407,0.0000043133,0.0000044360
0.0000028491,0.0000027242,0.0000042691,0.0000043932
0.0000028264,0.0000027113,0.0000042330,0.0000043471
0.0000028123,0.0000026950,0.0000041869,0.0000043032
0.0000027973,0.0000026792,0.0000041413,0.0000042584
0.0000027728,0.0000026630,0.0000041057,0.0000042143
0.0000027590,0.0000026478,0.0000040581,0.0000041681
0.0000027441,0.0000026327,0.0000040113,0.0000041214
0.0000027180,0.0000026134,0.0000039762,0.0000040794
0.0000027045,0.0000025995,0.0000039272,0.0000040308
0.0000026898,0.0000025851,0.0000038792,0.0000039824
0.0000026740,0.0000025704,0.0000038320,0.0000039340
0.0000026413,0.0000025446,0.0000038024,0.0000038974
0.0000026289,0.0000025327,0.0000037512,0.0000038457
0.0000026148,0.0000025196,0.0000037015,0.0000037948
0.0000025994,0.0000025058,0.0000036528,0.0000037445
0.0000025638,0.0000024740,0.0000036251,0.0000037129
0.0000025524,0.0000024642,0.0000035720,0.0000036581
0.0000025389,0.0000024527,0.0000035207,0.0000036048
0.0000025239,0.0000024399,0.0000034709,0.0000035526
0.0000024857,0.0000024025,0.0000034450,0.0000035259
0.0000024753,0.0000023950,0.0000033903,0.0000034682
0.0000024625,0.0000023851,0.0000033378,0.0000034127
0.0000024479,0.0000023734,0.0000032869,0.0000033589
0.0000024321,0.0000023604,0.0000032372,0.0000033063
0.0000023841,0.0000023085,0.0000032209,0.0000032938
0.0000023758,0.0000023049,0.0000031635,0.0000032317
0.0000023652,0.0000022968,0.0000031096,0.0000031728
0.0000023515,0.0000022878,0.0000030568,0.0000031169
0.0000023078,0.0000022385,0.0000030356,0.0000031016
0.0000023001,0.0000022370,0.0000029774,0.0000030375
0.0000022897,0.0000022310,0.0000029226,0.0000029772
0.0000022766,0.0000022228,0.0000028698,0.0000029200
0.0000022308,0.0000021684,0.0000028508,0.0000029099
0.0000022242,0.0000021691,0.0000027919,0.0000028436
0.0000022142,0.0000021656,0.0000027362,0.0000027819
0.0000022025,0.0000021575,0.0000026838,0.0000027236
0.0000021543,0.0000020982,0.0000026671,0.0000027191
0.0000021489,0.0000021017,0.0000026073,0.0000026508
0.0000021395,0.0000021010,0.0000025507,0.0000025877
0.0000021004,0.0000020536,0.0000025256,0.0000025713
0.0000020957,0.0000020570,0.0000024667,0.0000025024
0.0000020867,0.0000020566,0.0000024106,0.0000024394
0.0000020468,0.0000020068,0.0000023870,0.0000024259
0.0000020427,0.0000020113,0.0000023283,0.0000023566
0.0000020335,0.0000020114,0.0000022728,0.0000022939
0.0000019935,0.0000019582,0.0000022513,0.0000022835
0.0000019901,0.0000019648,0.0000021921,0.0000022135
0.0000019819,0.0000019663,0.0000021366,0.0000021502
0.0000019407,0.0000019115,0.0000021164,0.0000021430
0.0000019386,0.0000019199,0.0000020572,0.0000020720
0.0000019317,0.0000019227,0.0000020019,0.0000020080
0.0000018896,0.0000018663,0.0000019830,0.0000020041
0.0000018894,0.0000018765,0.0000019245,0.0000019308
0.0000018838,0.0000018808,0.0000018690,0.0000018667
0.0000018405,0.0000018232,0.0000018513,0.0000018665
0.0000018408,0.0000018353,0.0000017924,0.0000017937
0.0000018127,0.0000017993,0.0000017622,0.0000017706
0.0000018126,0.0000018121,0.0000017036,0.0000016990
0.0000017842,0.0000017759,0.0000016742,0.0000016775
0.0000017844,0.0000017892,0.0000016164,0.0000016064
0.0000017558,0.0000017520,0.0000015882,0.0000015867
0.0000017565,0.0000017662,0.0000015309,0.0000015158
0.0000017281,0.0000017283,0.0000015038,0.0000014978
0.0000017293,0.0000017436,0.0000014469,0.0000014270
0.0000017011,0.0000017051,0.0000014209,0.0000014105
0.0000017031,0.0000017218,0.0000013643,0.0000013398
0.0000016752,0.0000016828,0.0000013394,0.0000013247
0.0000016778,0.0000017008,0.0000012831,0.0000012540
0.0000016503,0.0000016615,0.0000012592,0.0000012403
0.0000016537,0.0000016810,0.0000012033,0.0000011696
0.0000016267,0.0000016413,0.0000011805,0.0000011574
0.0000016308,0.0000016623,0.0000011249,0.0000010867
0.0000016043,0.0000016224,0.0000011031,0.0000010759
0.0000016092,0.0000016448,0.0000010480,0.0000010053
0.0000015816,0.0000016055,0.0000010271,0.0000009968
0.0000015881,0.0000016290,0.0000009728,0.0000009257
0.0000015611,0.0000015894,0.0000009531,0.0000009185
0.0000015688,0.0000016143,0.0000008993,0.0000008474
0.0000015422,0.0000015746,0.0000008806,0.0000008419
0.0000015509,0.0000016009,0.0000008273,0.0000007708
0.0000015249,0.0000015612,0.0000008097,0.0000007668
0.0000015352,0.0000015890,0.0000007575,0.0000006945
0.0000015092,0.0000015495,0.0000007406,0.0000006928
0.0000015201,0.0000015789,0.0000006885,0.0000006216
0.0000014948,0.0000015393,0.0000006729,0.0000006213
0.0000015065,0.0000015701,0.0000006213,0.0000005506
0.0000014819,0.0000015304,0.0000006071,0.0000005517
0.0000014946,0.0000015627,0.0000005560,0.0000004816
0.0000014707,0.0000015230,0.0000005431,0.0000004840
0.0000014842,0.0000015569,0.0000004925,0.0000004145
0.0000014610,0.0000015172,0.0000004809,0.0000004184
0.0000014755,0.0000015527,0.0000004309,0.0000003494
0.0000014531,0.0000015130,0.0000004208,0.0000003546
0.0000014693,0.0000015500,0.0000003722,0.0000002846
0.0000014471,0.0000015107,0.0000003628,0.0000002921
0.0000014642,0.0000015493,0.0000003149,0.0000002225
0.0000014426,0.0000015102,0.0000003067,0.0000002318
0.0000014608,0.0000015504,0.0000002596,0.0000001626
0.0000014398,0.0000015114,0.0000002527,0.0000001737
0.0000014591,0.0000015531,0.0000002063,0.0000001049
0.0000014388,0.0000015143,0.0000002007,0.0000001177
0.0000014592,0.0000015576,0.0000001552,0.0000000493
0.0000014395,0.0000015190,0.0000001509,0.0000000638
0.0000014609,0.0000015646,0.0000001049,-0.0000000033
0.0000014423,0.0000015257,0.0000001025,0.0000000124
0.0000014649,0.0000015723,0.0000000584,-0.0000000548
0.0000014468,0.0000015338,0.0000000571,-0.0000000371
0.0000014704,0.0000015819,0.0000000142,-0.0000001040
0.0000014529,0.0000015438,0.0000000140,-0.0000000844
0.0000014777,0.0000015933,-0.0000000277,-0.0000001509
0.0000014608,0.0000015556,-0.0000000267,-0.0000001293
0.0000014867,0.0000016065,-0.0000000672,-0.0000001955
0.0000014705,0.0000015693,-0.0000000651,-0.0000001720
0.0000014975,0.0000016216,-0.0000001043,-0.0000002378
0.0000014821,0.0000015848,-0.0000001012,-0.0000002124
0.0000015102,0.0000016385,-0.0000001391,-0.0000002777
0.0000014955,0.0000016022,-0.0000001349,-0.0000002505
0.0000015054,0.0000016161,-0.0000001524,-0.0000002743
0.0000015155,0.0000016318,-0.0000001711,-0.0000002965
0.0000015258,0.0000016464,-0.0000001884,-0.0000003173
0.0000015362,0.0000016603,-0.0000002044,-0.0000003367
0.0000015468,0.0000016740,-0.0000002194,-0.0000003548
0.0000015575,0.0000016876,-0.0000002335,-0.0000003718
0.0000015684,0.0000017012,-0.0000002468,-0.0000003878
0.0000015797,0.0000017149,-0.0000002593,-0.0000004028
0.0000015913,0.0000017289,-0.0000002711,-0.0000004170
0.0000016033,0.0000017432,-0.0000002822,-0.0000004304
0.0000016156,0.0000017577,-0.0000002926,-0.0000004430
0.0000016284,0.0000017726,-0.0000003024,-0.0000004550
0.0000016416,0.0000017879,-0.0000003115,-0.0000004662
0.0000016552,0.0000018036,-0.0000003200,-0.0000004768
0.0000016692,0.0000018197,-0.0000003279,-0.0000004867
0.0000016837,0.0000018362,-0.0000003351,-0.0000004960
0.0000016986,0.0000018531,-0.0000003417,-0.0000005047
0.0000017140,0.0000018705,-0.0000003477,-0.0000005127
0.0000017298,0.0000018883,-0.0000003531,-0.0000005201
0.0000017460,0.0000019065,-0.0000003579,-0.0000005269
0.0000017627,0.0000019252,-0.0000003621,-0.0000005330
0.0000017797,0.0000019450,-0.0000003670,-0.0000005379
0.0000017976,0.0000019641,-0.0000003693,-0.0000005433
0.0000018156,0.0000019843,-0.0000003722,-0.0000005475
0.0000018349,0.0000020042,-0.0000003727,-0.0000005528
0.0000018532,0.0000020254,-0.0000003744,-0.0000005554
0.0000018727,0.0000020469,-0.0000003751,-0.0000005582
0.0000018921,0.0000020689,-0.0000003760,-0.0000005594
0.0000019125,0.0000020912,-0.0000003758,-0.0000005607
0.0000019334,0.0000021137,-0.0000003746,-0.0000005619
0.0000019549,0.0000021365,-0.0000003724,-0.0000005629
0.0000019759,0.0000021596,-0.0000003698,-0.0000005621
0.0000019973,0.0000021828,-0.0000003659,-0.0000005610
0.0000020189,0.0000022071,-0.0000003628,-0.0000005585
0.0000020410,0.0000022310,-0.0000003581,-0.0000005556
0.0000020642,0.0000022559,-0.0000003533,-0.0000005532
0.0000020873,0.0000022814,-0.0000003484,-0.0000005493
0.0000021114,0.0000023069,-0.0000003423,-0.0000005458
0.0000021351,0.0000023332,-0.0000003364,-0.0000005405
0.0000021601,0.0000023595,-0.0000003290,-0.0000005361
0.0000021845,0.0000023865,-0.0000003221,-0.0000005294
0.0000022104,0.0000024134,-0.0000003135,-0.0000005240
0.0000022362,0.0000024410,-0.0000003047,-0.0000005177
0.0000022623,0.0000024691,-0.0000002955,-0.0000005107
0.0000022887,0.0000024975,-0.0000002857,-0.0000005030
0.0000023155,0.0000025263,-0.0000002755,-0.0000004947
0.0000023426,0.0000025553,-0.0000002647,-0.0000004859
0.0000023700,0.0000025847,-0.0000002533,-0.0000004765
0.0000023978,0.0000026144,-0.0000002415,-0.0000004666
0.0000024259,0.0000026444,-0.0000002291,-0.0000004561
0.0000024543,0.0000026748,-0.0000002162,-0.0000004451
0.0000024830,0.0000027054,-0.0000002028,-0.0000004336
0.0000025121,0.0000027364,-0.0000001888,-0.0000004215
0.0000025415,0.0000027676,-0.0000001744,-0.0000004090
0.0000025711,0.0000027992,-0.0000001595,-0.0000003959
0.0000026011,0.0000028310,-0.0000001440,-0.0000003823
0.0000026313,0.0000028631,-0.0000001281,-0.0000003683
0.0000026618,0.0000028955,-0.0000001117,-0.0000003537
0.0000026926,0.0000029281,-0.0000000948,-0.0000003387
0.0000027236,0.0000029611,-0.0000000774,-0.0000003231
0.0000027549,0.0000029942,-0.0000000596,-0.0000003071
0.0000027865,0.0000030277,-0.0000000413,-0.0000002907
0.0000028183,0.0000030613,-0.0000000226,-0.0000002738
0.0000028504,0.0000030952,-0.0000000033,-0.0000002564
0.0000028827,0.0000031294,0.0000000163,-0.0000002386
0.0000029152,0.0000031637,0.0000000364,-0.0000002203
0.0000029479,0.0000031983,0.0000000569,-0.0000002016
0.0000029809,0.0000032331,0.0000000779,-0.0000001824
0.0000030140,0.0000032681,0.0000000992,-0.0000001629
0.0000030473,0.0000033032,0.0000001210,-0.0000001429
0.0000030809,0.0000033386,0.0000001432,-0.0000001225
0.0000031146,0.0000033741,0.0000001658,-0.0000001017
0.0000031485,0.0000034098,0.0000001888,-0.0000000805
0.0000031825,0.0000034457,0.0000002121,-0.0000000589
0.0000032168,0.0000034817,0.0000002359,-0.0000000369
0.0000032511,0.0000035179,0.0000002600,-0.0000000146
0.0000032856,0.0000035542,0.0000002845,0.0000000082
0.0000033203,0.0000035906,0.0000003094,0.0000000313
0.0000033550,0.0000036272,0.0000003346,0.0000000547
0.0000033899,0.0000036639,0.0000003601,0.0000000785
0.0000034249,0.0000037007,0.0000003860,0.0000001027
0.0000034600,0.0000037375,0.0000004123,0.0000001272
0.0000034952,0.0000037745,0.0000004388,0.0000001520
0.0000035305,0.0000038116,0.0000004657,0.0000001771
0.0000035659,0.0000038487,0.0000004928,0.0000002025
0.0000036013,0.0000038859,0.0000005203,0.0000002283
0.0000036369,0.0000039232,0.0000005481,0.0000002544
0.0000036724,0.0000039605,0.0000005761,0.0000002807
0.0000037080,0.0000039979,0.0000006045,0.0000003073
0.0000037437,0.0000040352,0.0000006331,0.0000003342
0.0000037793,0.0000040727,0.0000006619,0.0000003614
0.0000038150,0.0000041101,0.0000006911,0.0000003888
0.0000038507,0.0000041475,0.0000007204,0.0000004165
0.0000038864,0.0000041850,0.0000007500,0.0000004445
0.0000039222,0.0000042224,0.0000007799,0.0000004726
0.0000039578,0.0000042598,0.0000008099,0.0000005010
0.0000039935,0.0000042972,0.0000008402,0.0000005296
0.0000040292,0.0000043345,0.0000008707,0.0000005585
0.0000040648,0.0000043718,0.0000009014,0.0000005875
0.0000041003,0.0000044091,0.0000009323,0.0000006167
0.0000041359,0.0000044463,0.0000009633,0.0000006462
0.0000041713,0.0000044834,0.0000009946,0.0000006758
0.0000042067,0.0000045205,0.0000010260,0.0000007056
0.0000042420,0.0000045575,0.0000010576,0.0000007355
0.0000042772,0.0000045943,0.0000010893,0.0000007656
0.0000043123,0.0000046311,0.0000011212,0.0000007959
0.0000043473,0.0000046678,0.0000011532,0.0000008263
0.0000043822,0.0000047043,0.0000011853,0.0000008568
0.0000044170,0.0000047407,0.0000012175,0.0000008874
0.0000044516,0.0000047770,0.0000012499,0.0000009182
0.0000044861,0.0000048132,0.0000012824,0.0000009491
0.0000045204,0.0000048492,0.0000013149,0.0000009801
0.0000045546,0.0000048850,0.0000013476,0.0000010112
0.0000045887,0.0000049206,0.0000013803,0.0000010423
0.0000046225,0.0000049561,0.0000014131,0.0000010736
0.0000046562,0.0000049914,0.0000014459,0.0000011049
0.0000046897,0.0000050265,0.0000014788,0.0000011362
0.0000047230,0.0000050614,0.0000015118,0.0000011676
0.0000047561,0.0000050961,0.0000015448,0.0000011991
0.0000047890,0.0000051306,0.0000015778,0.0000012306
0.0000048217,0.0000051648,0.0000016109,0.0000012621
0.0000048541,0.0000051988,0.0000016439,0.0000012937
0.0000048863,0.0000052326,0.0000016770,0.0000013253
0.0000049182,0.0000052661,0.0000017101,0.0000013568
0.0000049499,0.0000052994,0.0000017432,0.0000013884
0.0000049814,0.0000053324,0.0000017762,0.0000014199
0.0000050126,0.0000053651,0.0000018092,0.0000014515
0.0000050434,0.0000053975,0.0000018422,0.0000014830
0.0000050741,0.0000054297,0.0000018752,0.0000015145
0.0000051044,0.0000054615,0.0000019081,0.0000015459
0.0000051344,0.0000054931,0.0000019409,0.0000015773
0.0000051641,0.0000055243,0.0000019737,0.0000016087
0.0000051935,0.0000055552,0.0000020064,0.0000016399
0.0000052226,0.0000055858,0.0000020391,0.0000016711
0.0000052514,0.0000056161,0.0000020716,0.0000017023
0.0000052798,0.0000056460,0.0000021041,0.0000017333
0.0000053079,0.0000056756,0.0000021365,0.0000017642
0.0000053356,0.0000057048,0.0000021687,0.0000017951
0.0000053630,0.0000057337,0.0000022009,0.0000018258
0.0000053900,0.0000057621,0.0000022329,0.0000018565
0.0000054167,0.0000057903,0.0000022648,0.0000018870
0.0000054430,0.0000058180,0.0000022966,0.0000019173
0.0000054689,0.0000058453,0.0000023282,0.0000019476
0.0000054944,0.0000058723,0.0000023597,0.0000019777
0.0000055195,0.0000058988,0.0000023910,0.0000020076
0.0000055442,0.0000059250,0.0000024221,0.0000020374
0.0000055685,0.0000059507,0.0000024531,0.0000020671
0.0000055924,0.0000059760,0.0000024839,0.0000020966
0.0000056158,0.0000060009,0.0000025146,0.0000021258
0.0000056389,0.0000060253,0.0000025450,0.0000021550
0.0000056659,0.0000060982,0.0000025710,0.0000021352
0.0000056826,0.0000060603,0.0000026064,0.0000022251
0.0000057085,0.0000061351,0.0000026322,0.0000022022
0.0000057249,0.0000060975,0.0000026666,0.0000022906
0.0000057497,0.0000061732,0.0000026922,0.0000022654
0.0000057659,0.0000061365,0.0000027254,0.0000023515
0.0000057893,0.0000062123,0.0000027511,0.0000023249
0.0000058052,0.0000061759,0.0000027831,0.0000024093
0.0000058272,0.0000062512,0.0000028088,0.0000023818
0.0000058428,0.0000062147,0.0000028397,0.0000024649
0.0000058633,0.0000062890,0.0000028654,0.0000024368
0.0000058786,0.0000062522,0.0000028952,0.0000025187
0.0000058975,0.0000063255,0.0000029209,0.0000024902
0.0000059124,0.0000062882,0.0000029496,0.0000025711
0.0000059297,0.0000063602,0.0000029753,0.0000025423
0.0000059443,0.0000063224,0.0000030029,0.0000026222
0.0000059600,0.0000063931,0.0000030286,0.0000025931
0.0000059741,0.0000063547,0.0000030550,0.0000026720
0.0000059882,0.0000064240,0.0000030808,0.0000026427
0.0000060019,0.0000063850,0.0000031060,0.0000027206
0.0000060143,0.0000064528,0.0000031318,0.0000026911
0.0000060276,0.0000064132,0.0000031557,0.0000027680
0.0000060383,0.0000064796,0.0000031815,0.0000027383
0.0000060512,0.0000064393,0.0000032043,0.0000028142
0.0000060602,0.0000065041,0.0000032301,0.0000027842
0.0000060726,0.0000064632,0.0000032515,0.0000028591
0.0000060799,0.0000065265,0.0000032773,0.0000028289
0.0000060918,0.0000064849,0.0000032975,0.0000029027
0.0000060974,0.0000065467,0.0000033233,0.0000028724
0.0000061089,0.0000065044,0.0000033422,0.0000029451
0.0000061128,0.0000065646,0.0000033679,0.0000029145
0.0000061250,0.0000065210,0.0000033856,0.0000029855
0.0000061265,0.0000065801,0.0000034110,0.0000029552
0.0000061373,0.0000065364,0.0000034273,0.0000030256
0.0000061373,0.0000065936,0.0000034528,0.0000029948
0.0000061472,0.0000065494,0.0000034678,0.0000030643
0.0000061456,0.0000066048,0.0000034934,0.0000030331
0.0000061547,0.0000065601,0.0000035070,0.0000031016
0.0000061516,0.0000066138,0.0000035327,0.0000030699
0.0000061599,0.0000065686,0.0000035448,0.0000031374
0.0000061553,0.0000066204,0.0000035706,0.0000031054
0.0000061642,0.0000065740,0.0000035814,0.0000031712
0.0000061575,0.0000066244,0.0000036068,0.0000031392
0.0000061657,0.0000065775,0.0000036162,0.0000032039
0.0000061571,0.0000066263,0.0000036415,0.0000031718
0.0000061649,0.0000065787,0.0000036495,0.0000032352
0.0000061545,0.0000066259,0.0000036748,0.0000032029
0.0000061618,0.0000065777,0.0000036814,0.0000032652
0.0000061495,0.0000066232,0.0000037066,0.0000032326
0.0000061563,0.0000065743,0.0000037118,0.0000032936
0.0000061423,0.0000066181,0.0000037369,0.0000032609
0.0000061486,0.0000065686,0.0000037407,0.0000033206
0.0000061329,0.0000066101,0.0000037670,0.0000032871
0.0000061385,0.0000065605,0.0000037688,0.0000033460
0.0000061208,0.0000066008,0.0000037941,0.0000033127
0.0000061262,0.0000065503,0.0000037947,0.0000033702
0.0000061067,0.0000065891,0.0000038196,0.0000033368
0.0000061118,0.0000065379,0.0000038189,0.0000033929
0.0000060905,0.0000065751,0.0000038435,0.0000033595
0.0000060952,0.0000065232,0.0000038416,0.0000034141
0.0000060721,0.0000065589,0.0000038658,0.0000033808
0.0000060765,0.0000065062,0.0000038628,0.0000034339
0.0000060529,0.0000065396,0.0000038868,0.0000033998
0.0000060563,0.0000064868,0.0000038822,0.0000034520
0.0000060304,0.0000065183,0.0000039072,0.0000034175
0.0000060331,0.0000064652,0.0000039009,0.0000034687
0.0000060052,0.0000064952,0.0000039257,0.0000034343
0.0000060076,0.0000064416,0.0000039180,0.0000034842
0.0000059778,0.0000064700,0.0000039428,0.0000034496
0.0000059800,0.0000064158,0.0000039337,0.0000034982
0.0000059483,0.0000064425,0.0000039584,0.0000034635
0.0000059502,0.0000063878,0.0000039479,0.0000035108
0.0000059168,0.0000064130,0.0000039726,0.0000034761
0.0000059184,0.0000063578,0.0000039607,0.0000035220
0.0000058832,0.0000063813,0.0000039854,0.0000034872
0.0000058845,0.0000063257,0.0000039721,0.0000035318
0.0000058475,0.0000063476,0.0000039968,0.0000034970
0.0000058486,0.0000062915,0.0000039822,0.0000035403
0.0000058099,0.0000063118,0.0000040069,0.0000035055
0.0000058108,0.0000062553,0.0000039908,0.0000035475
0.0000057703,0.0000062740,0.0000040155,0.0000035126
0.0000057709,0.0000062171,0.0000039981,0.0000035533
0.0000057288,0.0000062342,0.0000040229,0.0000035185
0.0000057292,0.0000061769,0.0000040041,0.0000035579
0.0000056854,0.0000061925,0.0000040289,0.0000035230
0.0000056857,0.0000061349,0.0000040088,0.0000035612
0.0000056401,0.0000061490,0.0000040337,0.0000035264
0.0000056403,0.0000060910,0.0000040123,0.0000035633
0.0000055931,0.0000061035,0.0000040372,0.0000035285
0.0000055931,0.0000060452,0.0000040145,0.0000035642
0.0000055443,0.0000060563,0.0000040395,0.0000035294
0.0000055442,0.0000059977,0.0000040155,0.0000035639
0.0000054938,0.0000060073,0.0000040406,0.0000035292
0.0000054936,0.0000059485,0.0000040153,0.0000035624
0.0000054417,0.0000059566,0.0000040405,0.0000035279
0.0000054414,0.0000058976,0.0000040140,0.0000035599
0.0000053879,0.0000059042,0.0000040393,0.0000035254
0.0000053875,0.0000058451,0.0000040115,0.0000035563
0.0000053326,0.0000058502,0.0000040371,0.0000035220
0.0000053322,0.0000057909,0.0000040081,0.0000035517
0.0000052758,0.0000057947,0.0000040338,0.0000035175
0.0000052747,0.0000057365,0.0000040029,0.0000035462
0.0000052171,0.0000057384,0.0000040292,0.0000035120
0.0000052166,0.0000056792,0.0000039977,0.0000035393
0.0000051577,0.0000056798,0.0000040241,0.0000035054
0.0000051572,0.0000056202,0.0000039915,0.0000035317
0.0000050968,0.0000056196,0.0000040179,0.0000034981
0.0000050965,0.0000055598,0.0000039844,0.0000035234
0.0000050346,0.0000055581,0.0000040109,0.0000034901
0.0000050345,0.0000054980,0.0000039763,0.0000035143
0.0000049712,0.0000054953,0.0000040030,0.0000034813
0.0000049713,0.0000054350,0.0000039675,0.0000035044
0.0000049067,0.0000054312,0.0000039943,0.0000034718
0.0000049070,0.0000053708,0.0000039579,0.0000034939
0.0000048410,0.0000053659,0.0000039849,0.0000034615
0.0000048407,0.0000053070,0.0000039467,0.0000034827
0.0000047738,0.0000053005,0.0000039745,0.0000034505
0.0000047739,0.0000052415,0.0000039354,0.0000034706
0.0000047060,0.0000052337,0.0000039636,0.0000034386
0.0000047062,0.0000051748,0.0000039236,0.0000034578
0.0000046372,0.0000051658,0.0000039522,0.0000034263
0.0000046377,0.0000051071,0.0000039112,0.0000034446
0.0000045677,0.0000050969,0.0000039402,0.0000034134
0.0000045684,0.0000050385,0.0000038982,0.0000034308
0.0000044973,0.0000050272,0.0000039276,0.0000034001
0.0000044983,0.0000049691,0.0000038848,0.0000034167
0.0000044262,0.0000049567,0.0000039146,0.0000033863
0.0000044275,0.0000048989,0.0000038709,0.0000034021
0.0000043545,0.0000048855,0.0000039012,0.0000033722
0.0000043560,0.0000048281,0.0000038566,0.0000033872
0.0000042822,0.0000048136,0.0000038874,0.0000033578
0.0000042840,0.0000047566,0.0000038420,0.0000033720
0.0000042094,0.0000047412,0.0000038734,0.0000033431
0.0000042115,0.0000046846,0.0000038271,0.0000033566
0.0000041361,0.0000046683,0.0000038590,0.0000033282
0.0000041386,0.0000046122,0.0000038120,0.0000033409
0.0000040624,0.0000045949,0.0000038445,0.0000033131
0.0000040654,0.0000045393,0.0000037967,0.0000033252
0.0000039885,0.0000045211,0.0000038297,0.0000032979
0.0000039918,0.0000044661,0.0000037813,0.0000033093
0.0000039142,0.0000044471,0.0000038149,0.0000032826
0.0000039180,0.0000043926,0.0000037658,0.0000032934
0.0000038398,0.0000043728,0.0000038001,0.0000032673
0.0000038441,0.0000043190,0.0000037503,0.0000032775
0.0000037653,0.0000042983,0.0000037852,0.0000032520
0.0000037701,0.0000042452,0.0000037348,0.0000032616
0.0000036893,0.0000042246,0.0000037703,0.0000032376
0.0000036952,0.0000041716,0.0000037196,0.0000032462
0.0000036141,0.0000041502,0.0000037558,0.0000032227
0.0000036208,0.0000040978,0.0000037046,0.0000032307
0.0000035392,0.0000040757,0.0000037415,0.0000032079
0.0000035467,0.0000040241,0.0000036897,0.0000032153
0.0000034646,0.0000040014,0.0000037273,0.0000031934
0.0000034727,0.0000039505,0.0000036751,0.0000032003
0.0000033902,0.0000039272,0.0000037133,0.0000031792
0.0000033991,0.0000038771,0.0000036606,0.0000031856
0.0000033161,0.0000038533,0.0000036996,0.0000031653
0.0000033258,0.0000038040,0.0000036465,0.0000031712
0.0000032424,0.0000037797,0.0000036862,0.0000031518
0.0000032528,0.0000037312,0.0000036327,0.0000031573
0.0000031691,0.0000037065,0.0000036733,0.0000031387
0.0000031803,0.0000036588,0.0000036194,0.0000031438
0.0000030963,0.0000036338,0.0000036607,0.0000031262
0.0000031084,0.0000035869,0.0000036066,0.0000031309
0.0000030241,0.0000035615,0.0000036487,0.0000031141
0.0000030370,0.0000035156,0.0000035943,0.0000031185
0.0000029517,0.0000034900,0.0000036365,0.0000031041
0.0000029660,0.0000034446,0.0000035824,0.0000031075
0.0000028809,0.0000034186,0.0000036258,0.0000030934
0.0000028960,0.0000033744,0.0000035713,0.0000030965
0.0000028107,0.0000033481,0.0000036156,0.0000030833
0.0000028267,0.0000033050,0.0000035609,0.0000030862
0.0000027414,0.0000032785,0.0000036061,0.0000030739
0.0000027583,0.0000032364,0.0000035512,0.0000030765
0.0000026729,0.0000032097,0.0000035974,0.0000030652
0.0000026907,0.0000031687,0.0000035423,0.0000030676
0.0000026053,0.0000031419,0.0000035894,0.0000030573
0.0000026241,0.0000031019,0.0000035342,0.0000030596
0.0000025387,0.0000030750,0.0000035822,0.0000030502
0.0000025585,0.0000030361,0.0000035269,0.0000030524
0.0000024731,0.0000030091,0.0000035759,0.0000030441
0.0000024939,0.0000029713,0.0000035205,0.0000030461
0.0000024086,0.0000029442,0.0000035704,0.0000030388
0.0000024304,0.0000029076,0.0000035150,0.0000030408
0.0000023452,0.0000028804,0.0000035659,0.0000030346
0.0000023688,0.0000028449,0.0000035112,0.0000030351
0.0000022843,0.0000028179,0.0000035635,0.0000030288
0.0000023073,0.0000027841,0.0000035073,0.0000030318
0.0000022221,0.0000027570,0.0000035597,0.0000030287
0.0000022471,0.0000027238,0.0000035045,0.0000030304
0.0000021625,0.0000026966,0.0000035583,0.0000030276
0.0000021888,0.0000026647,0.0000035032,0.0000030291
0.0000021045,0.0000026377,0.0000035581,0.0000030271
0.0000021318,0.0000026071,0.0000035030,0.0000030287
0.0000020478,0.0000025803,0.0000035588,0.0000030279
0.0000020760,0.0000025510,0.0000035037,0.0000030299
0.0000019921,0.0000025243,0.0000035604,0.0000030306
0.0000020211,0.0000024963,0.0000035051,0.0000030332
0.0000019374,0.0000024695,0.0000035625,0.0000030357
0.0000019684,0.0000024425,0.0000035082,0.0000030371
0.0000018855,0.0000024160,0.0000035672,0.0000030398
0.0000019166,0.0000023907,0.0000035120,0.0000030429
0.0000018346,0.0000023641,0.0000035725,0.0000030458
0.0000018671,0.0000023402,0.0000035178,0.0000030487
0.0000017854,0.0000023140,0.0000035791,0.0000030530
0.0000018188,0.0000022915,0.0000035243,0.0000030564
0.0000017377,0.0000022655,0.0000035868,0.0000030617
0.0000017730,0.0000022442,0.0000035331,0.0000030638
0.0000016916,0.0000022189,0.0000035957,0.0000030716
0.0000017282,0.0000021988,0.0000035423,0.0000030737
0.0000016473,0.0000021738,0.0000036060,0.0000030827
0.0000016852,0.0000021551,0.0000035530,0.0000030850
0.0000016048,0.0000021304,0.0000036176,0.0000030951
0.0000016438,0.0000021130,0.0000035649,0.0000030976
0.0000015640,0.0000020886,0.0000036305,0.0000031090
0.0000016043,0.0000020726,0.0000035781,0.0000031116
0.0000015250,0.0000020487,0.0000036448,0.0000031242
0.0000015665,0.0000020340,0.0000035927,0.0000031270
0.0000014878,0.0000020105,0.0000036603,0.0000031408
0.0000015306,0.0000019972,0.0000036087,0.0000031437
0.0000014525,0.0000019740,0.0000036772,0.0000031588
0.0000014964,0.0000019621,0.0000036260,0.0000031619
0.0000014190,0.0000019395,0.0000036954,0.0000031782
0.0000014642,0.0000019289,0.0000036446,0.0000031815
0.0000013874,0.0000019067,0.0000037150,0.0000031990
0.0000014338,0.0000018976,0.0000036646,0.0000032024
0.0000014119,0.0000018822,0.0000036816,0.0000032147
0.0000013915,0.0000018666,0.0000036998,0.0000032262
0.0000013728,0.0000018520,0.0000037165,0.0000032382
0.0000013557,0.0000018379,0.0000037321,0.0000032505
0.0000013401,0.0000018245,0.0000037471,0.0000032632
0.0000013257,0.0000018116,0.0000037616,0.0000032762
0.0000013124,0.0000017992,0.0000037759,0.0000032895
0.0000012999,0.0000017872,0.0000037901,0.0000033031
0.0000012883,0.0000017758,0.0000038043,0.0000033170
0.0000012774,0.0000017649,0.0000038186,0.0000033313
0.0000012672,0.0000017545,0.0000038330,0.0000033459
0.0000012576,0.0000017446,0.0000038477,0.0000033608
0.0000012486,0.0000017351,0.0000038625,0.0000033760
0.0000012402,0.0000017262,0.0000038776,0.0000033916
0.0000012323,0.0000017177,0.0000038929,0.0000034075
0.0000012249,0.0000017097,0.0000039086,0.0000034238
0.0000012181,0.0000017022,0.0000039245,0.0000034403
0.0000012118,0.0000016951,0.0000039407,0.0000034572
0.0000012060,0.0000016886,0.0000039572,0.0000034744
0.0000012007,0.0000016825,0.0000039740,0.0000034920
0.0000011959,0.0000016769,0.0000039912,0.0000035098
0.0000011915,0.0000016718,0.0000040086,0.0000035280
0.0000011863,0.0000016678,0.0000040262,0.0000035472
0.0000011843,0.0000016619,0.0000040452,0.0000035654
0.0000011806,0.0000016589,0.0000040631,0.0000035850
0.0000011790,0.0000016547,0.0000040822,0.0000036041
0.0000011764,0.0000016527,0.0000041006,0.0000036242
0.0000011742,0.0000016505,0.0000041200,0.0000036447
0.0000011744,0.0000016472,0.0000041402,0.0000036644
0.0000011738,0.0000016464,0.0000041594,0.0000036851
0.0000011738,0.0000016457,0.0000041793,0.0000037060
0.0000011743,0.0000016451,0.0000041997,0.0000037272
0.0000011756,0.0000016447,0.0000042204,0.0000037485
0.0000011775,0.0000016447,0.0000042414,0.0000037701
0.0000011803,0.0000016450,0.0000042626,0.0000037918
0.0000011819,0.0000016468,0.0000042836,0.0000038146
0.0000011846,0.0000016490,0.0000043050,0.0000038371
0.0000011883,0.0000016517,0.0000043265,0.0000038595
0.0000011912,0.0000016549,0.0000043486,0.0000038829
0.0000011953,0.0000016587,0.0000043706,0.0000039059
0.0000011995,0.0000016622,0.0000043935,0.0000039296
0.0000012050,0.0000016665,0.0000044162,0.0000039528
0.0000012100,0.0000016708,0.0000044396,0.0000039772
0.0000012148,0.0000016769,0.0000044625,0.0000040018
0.0000012213,0.0000016813,0.0000044867,0.0000040261
0.0000012279,0.0000016866,0.0000045109,0.0000040509
0.0000012349,0.0000016925,0.0000045351,0.0000040759
0.0000012423,0.0000016988,0.0000045594,0.0000041012
0.0000012501,0.0000017055,0.0000045839,0.0000041267
0.0000012583,0.0000017127,0.0000046086,0.0000041524
0.0000012669,0.0000017203,0.0000046335,0.0000041783
0.0000012759,0.0000017283,0.0000046586,0.0000042043
0.0000012853,0.0000017366,0.0000046838,0.0000042305
0.0000012951,0.0000017454,0.0000047092,0.0000042569
0.0000013053,0.0000017545,0.0000047348,0.0000042835
0.0000013158,0.0000017640,0.0000047605,0.0000043102
0.0000013268,0.0000017739,0.0000047864,0.0000043371
0.0000013381,0.0000017841,0.0000048124,0.0000043642
0.0000013497,0.0000017947,0.0000048386,0.0000043913
0.0000013617,0.0000018056,0.0000048648,0.0000044187
0.0000013741,0.0000018169,0.0000048913,0.0000044461
0.0000013868,0.0000018285,0.0000049178,0.0000044737
0.0000013998,0.0000018405,0.0000049445,0.0000045014
0.0000014132,0.0000018527,0.0000049712,0.0000045292
0.0000014269,0.0000018653,0.0000049981,0.0000045572
0.0000014410,0.0000018782,0.0000050251,0.0000045852
0.0000014553,0.0000018915,0.0000050521,0.0000046134
0.0000014699,0.0000019050,0.0000050793,0.0000046416
0.0000014849,0.0000019188,0.0000051065,0.0000046699
0.0000015001,0.0000019329,0.0000051338,0.0000046982
0.0000015157,0.0000019473,0.0000051611,0.0000047267
0.0000015315,0.0000019620,0.0000051885,0.0000047552
0.0000015476,0.0000019769,0.0000052159,0.0000047837
0.0000015640,0.0000019921,0.0000052434,0.0000048123
0.0000015806,0.0000020076,0.0000052709,0.0000048410
0.0000015975,0.0000020233,0.0000052984,0.0000048697
0.0000016146,0.0000020393,0.0000053260,0.0000048983
0.0000016320,0.0000020555,0.0000053536,0.0000049271
0.0000016497,0.0000020719,0.0000053811,0.0000049558
0.0000016675,0.0000020885,0.0000054087,0.0000049845
0.0000016856,0.0000021054,0.0000054362,0.0000050132
0.0000017039,0.0000021225,0.0000054637,0.0000050419
0.0000017224,0.0000021398,0.0000054912,0.0000050706
0.0000017412,0.0000021573,0.0000055187,0.0000050992
0.0000017601,0.0000021750,0.0000055461,0.0000051278
0.0000017792,0.0000021928,0.0000055734,0.0000051564
0.0000017985,0.0000022109,0.0000056007,0.0000051849
0.0000018180,0.0000022291,0.0000056280,0.0000052133
0.0000018376,0.0000022475,0.0000056551,0.0000052417
0.0000018574,0.0000022660,0.0000056822,0.0000052700
0.0000018774,0.0000022847,0.0000057092,0.0000052983
0.0000018975,0.0000023035,0.0000057360,0.0000053264
0.0000019177,0.0000023225,0.0000057628,0.0000053544
0.0000019381,0.0000023416,0.0000057895,0.0000053823
0.0000019586,0.0000023608,0.0000058160,0.0000054101
0.0000019792,0.0000023801,0.0000058424,0.0000054378
0.0000019999,0.0000023995,0.0000058687,0.0000054654
0.0000020208,0.0000024190,0.0000058948,0.0000054928
0.0000020417,0.0000024386,0.0000059208,0.0000055201
0.0000020627,0.0000024583,0.0000059466,0.0000055472
0.0000020838,0.0000024781,0.0000059722,0.0000055741
0.0000021050,0.0000024979,0.0000059977,0.0000056009
0.0000021262,0.0000025178,0.0000060230,0.0000056275
0.0000021475,0.0000025378,0.0000060481,0.0000056539
0.0000021689,0.0000025577,0.0000060729,0.0000056801
0.0000021903,0.0000025778,0.0000060976,0.0000057061
0.0000022117,0.0000025978,0.0000061221,0.0000057320
0.0000022332,0.0000026179,0.0000061463,0.0000057576
0.0000022547,0.0000026380,0.0000061703,0.0000057829
0.0000022762,0.0000026581,0.0000061941,0.0000058081
0.0000022977,0.0000026782,0.0000062176,0.0000058330
0.0000023192,0.0000026983,0.0000062409,0.0000058576
0.0000023407,0.0000027184,0.0000062639,0.0000058820
0.0000023622,0.0000027385,0.0000062866,0.0000059061
0.0000023836,0.0000027585,0.0000063091,0.0000059300
0.0000024051,0.0000027785,0.0000063312,0.0000059536
0.0000024265,0.0000027985,0.0000063531,0.0000059769
0.0000024478,0.0000028184,0.0000063747,0.0000059999
0.0000024691,0.0000028383,0.0000063960,0.0000060226
0.0000024904,0.0000028581,0.0000064169,0.0000060450
0.0000025115,0.0000028778,0.0000064376,0.0000060671
0.0000025327,0.0000028974,0.0000064579,0.0000060888
0.0000025537,0.0000029170,0.0000064779,0.0000061103
0.0000025746,0.0000029365,0.0000064975,0.0000061314
0.0000025955,0.0000029558,0.0000065168,0.0000061521
0.0000026162,0.0000029751,0.0000065357,0.0000061725
0.0000026369,0.0000029942,0.0000065543,0.0000061926
0.0000026574,0.0000030133,0.0000065725,0.0000062122
0.0000026778,0.0000030322,0.0000065903,0.0000062316
0.0000026981,0.0000030509,0.0000066077,0.0000062505
0.0000027182,0.0000030696,0.0000066248,0.0000062691
0.0000027382,0.0000030881,0.0000066414,0.0000062872
0.0000027581,0.0000031064,0.0000066577,0.0000063050
0.0000027778,0.0000031245,0.0000066735,0.0000063224
0.0000027973,0.0000031426,0.0000066889,0.0000063393
0.0000028167,0.0000031604,0.0000067039,0.0000063559
0.0000028359,0.0000031780,0.0000067185,0.0000063720
0.0000028549,0.0000031955,0.0000067326,0.0000063877
0.0000028737,0.0000032128,0.0000067463,0.0000064029
0.0000028924,0.0000032298,0.0000067596,0.0000064178
0.0000029108,0.0000032467,0.0000067724,0.0000064321
0.0000029291,0.0000032634,0.0000067847,0.0000064461
0.0000029471,0.0000032798,0.0000067966,0.0000064595
0.0000029649,0.0000032961,0.0000068080,0.0000064725
0.0000029825,0.0000033121,0.0000068190,0.0000064851
0.0000029999,0.0000033278,0.0000068294,0.0000064972
0.0000030170,0.0000033434,0.0000068394,0.0000065087
0.0000030339,0.0000033587,0.0000068489,0.0000065199
0.0000030506,0.0000033737,0.0000068579,0.0000065305
0.0000030278,0.0000033746,0.0000069056,0.0000065545
0.0000030931,0.0000034068,0.0000068641,0.0000065468
0.0000030680,0.0000034064,0.0000069129,0.0000065704
0.0000031317,0.0000034372,0.0000068720,0.0000065620
0.0000031047,0.0000034359,0.0000069207,0.0000065851
0.0000031660,0.0000034654,0.0000068808,0.0000065763
0.0000031380,0.0000034636,0.0000069287,0.0000065987
0.0000031974,0.0000034918,0.0000068892,0.0000065893
0.0000031688,0.0000034896,0.0000069360,0.0000066106
0.0000032266,0.0000035167,0.0000068966,0.0000066005
0.0000031976,0.0000035141,0.0000069419,0.0000066207
0.0000032539,0.0000035402,0.0000069024,0.0000066099
0.0000032248,0.0000035372,0.0000069460,0.0000066288
0.0000032796,0.0000035624,0.0000069063,0.0000066172
0.0000032505,0.0000035591,0.0000069482,0.0000066348
0.0000033039,0.0000035832,0.0000069082,0.0000066223
0.0000032747,0.0000035796,0.0000069483,0.0000066386
0.0000033268,0.0000036027,0.0000069080,0.0000066253
0.0000032976,0.0000035987,0.0000069462,0.0000066402
0.0000033483,0.0000036209,0.0000069056,0.0000066261
0.0000033191,0.0000036165,0.0000069419,0.0000066396
0.0000033684,0.0000036376,0.0000069010,0.0000066246
0.0000033392,0.0000036330,0.0000069354,0.0000066367
0.0000033864,0.0000036545,0.0000068933,0.0000066209
0.0000033577,0.0000036488,0.0000069262,0.0000066312
0.0000034036,0.0000036690,0.0000068839,0.0000066146
0.0000033750,0.0000036628,0.0000069150,0.0000066235
0.0000034195,0.0000036820,0.0000068722,0.0000066060
0.0000033910,0.0000036752,0.0000069014,0.0000066135
0.0000034340,0.0000036934,0.0000068583,0.0000065952
0.0000034055,0.0000036862,0.0000068855,0.0000066012
0.0000034470,0.0000037032,0.0000068419,0.0000065820
0.0000034186,0.0000036956,0.0000068672,0.0000065866
0.0000034586,0.0000037116,0.0000068232,0.0000065666
0.0000034302,0.0000037036,0.0000068465,0.0000065696
0.0000034681,0.0000037186,0.0000068016,0.0000065498
0.0000034402,0.0000037099,0.0000068233,0.0000065508
0.0000034771,0.0000037237,0.0000067785,0.0000065293
0.0000034490,0.0000037148,0.0000067979,0.0000065291
0.0000034845,0.0000037275,0.0000067529,0.0000065064
0.0000034563,0.0000037183,0.0000067702,0.0000065049
0.0000034904,0.0000037299,0.0000067250,0.0000064810
0.0000034620,0.0000037203,0.0000067401,0.0000064782
0.0000034947,0.0000037309,0.0000066946,0.0000064533
0.0000034663,0.0000037209,0.0000067075,0.0000064492
0.0000034976,0.0000037303,0.0000066619,0.0000064231
0.0000034691,0.0000037200,0.0000066727,0.0000064178
0.0000034981,0.0000037284,0.0000066259,0.0000063923
0.0000034701,0.0000037173,0.0000066351,0.0000063849
0.0000034977,0.0000037245,0.0000065882,0.0000063585
0.0000034698,0.0000037130,0.0000065955,0.0000063494
0.0000034958,0.0000037191,0.0000065483,0.0000063221
0.0000034681,0.0000037073,0.0000065535,0.0000063115
0.0000034924,0.0000037123,0.0000065060,0.0000062834
0.0000034648,0.0000037001,0.0000065092,0.0000062713
0.0000034877,0.0000037034,0.0000064624,0.0000062419
0.0000034593,0.0000036923,0.0000064626,0.0000062287
0.0000034809,0.0000036946,0.0000064147,0.0000061989
0.0000034532,0.0000036823,0.0000064136,0.0000061838
0.0000034732,0.0000036837,0.0000063651,0.0000061536
0.0000034459,0.0000036705,0.0000063623,0.0000061368
0.0000034641,0.0000036711,0.0000063131,0.0000061061
0.0000034371,0.0000036572,0.0000063087,0.0000060877
0.0000034535,0.0000036570,0.0000062588,0.0000060565
0.0000034270,0.0000036424,0.0000062529,0.0000060364
0.0000034418,0.0000036405,0.0000062042,0.0000060038
0.0000034153,0.0000036255,0.0000061960,0.0000059826
0.0000034283,0.0000036230,0.0000061467,0.0000059497
0.0000034020,0.0000036077,0.0000061365,0.0000059271
0.0000034133,0.0000036042,0.0000060868,0.0000058935
0.0000033873,0.0000035884,0.0000060748,0.0000058694
0.0000033970,0.0000035841,0.0000060249,0.0000058353
0.0000033714,0.0000035678,0.0000060110,0.0000058097
0.0000033794,0.0000035626,0.0000059608,0.0000057750
0.0000033532,0.0000035475,0.0000059443,0.0000057481
0.0000033602,0.0000035406,0.0000058945,0.0000057125
0.0000033345,0.0000035251,0.0000058762,0.0000056842
0.0000033400,0.0000035170,0.0000058263,0.0000056479
0.0000033145,0.0000035012,0.0000058062,0.0000056183
0.0000033185,0.0000034921,0.0000057563,0.0000055816
0.0000032946,0.0000034753,0.0000057345,0.0000055499
0.0000032965,0.0000034656,0.0000056842,0.0000055132
0.0000032719,0.0000034491,0.0000056604,0.0000054807
0.0000032725,0.0000034382,0.0000056104,0.0000054433
0.0000032480,0.0000034217,0.0000055848,0.0000054097
0.0000032473,0.0000034096,0.0000055349,0.0000053716
0.0000032227,0.0000033931,0.0000055075,0.0000053369
0.0000032208,0.0000033799,0.0000054578,0.0000052982
0.0000031964,0.0000033634,0.0000054286,0.0000052624
0.0000031932,0.0000033490,0.0000053790,0.0000052232
0.0000031689,0.0000033326,0.0000053481,0.0000051863
0.0000031646,0.0000033171,0.0000052987,0.0000051465
0.0000031404,0.0000033007,0.0000052659,0.0000051086
0.0000031208,0.0000032833,0.0000052304,0.0000050687
0.0000031232,0.0000032673,0.0000051723,0.0000050283
0.0000031010,0.0000032497,0.0000051378,0.0000049875
0.0000030801,0.0000032328,0.0000051001,0.0000049469
0.0000030783,0.0000032151,0.0000050439,0.0000049070
0.0000030551,0.0000031983,0.0000050072,0.0000048653
0.0000030348,0.0000031807,0.0000049680,0.0000048227
0.0000030296,0.0000031609,0.0000049138,0.0000047829
0.0000030078,0.0000031438,0.0000048747,0.0000047392
0.0000029878,0.0000031263,0.0000048334,0.0000046953
0.0000029790,0.0000031047,0.0000047811,0.0000046559
0.0000029582,0.0000030878,0.0000047396,0.0000046106
0.0000029386,0.0000030703,0.0000046963,0.0000045653
0.0000029265,0.0000030469,0.0000046459,0.0000045263
0.0000029067,0.0000030302,0.0000046020,0.0000044793
0.0000028878,0.0000030127,0.0000045567,0.0000044327
0.0000028725,0.0000029875,0.0000045083,0.0000043942
0.0000028538,0.0000029711,0.0000044620,0.0000043457
0.0000028356,0.0000029537,0.0000044149,0.0000042978
0.0000028171,0.0000029269,0.0000043685,0.0000042598
0.0000027996,0.0000029108,0.0000043198,0.0000042099
0.0000027822,0.0000028936,0.0000042709,0.0000041608
0.0000027606,0.0000028651,0.0000042266,0.0000041234
0.0000027444,0.0000028494,0.0000041757,0.0000040721
0.0000027278,0.0000028324,0.0000041250,0.0000040219
0.0000027108,0.0000028144,0.0000040744,0.0000039724
0.0000026828,0.0000027795,0.0000040356,0.0000039406
0.0000026686,0.0000027648,0.0000039817,0.0000038872
0.0000026534,0.0000027485,0.0000039286,0.0000038353
0.0000026374,0.0000027309,0.0000038761,0.0000037844
0.0000026035,0.0000026933,0.0000038424,0.0000037546
0.0000025915,0.0000026797,0.0000037854,0.0000036993
0.0000025779,0.0000026641,0.0000037300,0.0000036459
0.0000025630,0.0000026470,0.0000036757,0.0000035940
0.0000025235,0.0000026067,0.0000036470,0.0000035660
0.0000025139,0.0000025942,0.0000035871,0.0000035092
0.0000025019,0.0000025793,0.0000035296,0.0000034546
0.0000024882,0.0000025627,0.0000034737,0.0000034017
0.0000024731,0.0000025448,0.0000034191,0.0000033500
0.0000024193,0.0000024949,0.0000034046,0.0000033317
0.0000024137,0.0000024846,0.0000033405,0.0000032723
0.0000024047,0.0000024714,0.0000032797,0.0000032158
0.0000023932,0.0000024561,0.0000032215,0.0000031615
0.0000023417,0.0000024106,0.0000032043,0.0000031384
0.0000023381,0.0000024010,0.0000031382,0.0000030784
0.0000023295,0.0000023890,0.0000030760,0.0000030220
0.0000023197,0.0000023738,0.0000030171,0.0000029670
0.0000022635,0.0000023260,0.0000030052,0.0000029461
0.0000022624,0.0000023175,0.0000029370,0.0000028853
0.0000022564,0.0000023060,0.0000028734,0.0000028281
0.0000022477,0.0000022917,0.0000028134,0.0000027731
0.0000021863,0.0000022420,0.0000028069,0.0000027549
0.0000021878,0.0000022349,0.0000027368,0.0000026933
0.0000021847,0.0000022240,0.0000026719,0.0000026352
0.0000021344,0.0000021837,0.0000026537,0.0000026089
0.0000021368,0.0000021766,0.0000025834,0.0000025476
0.0000021346,0.0000021658,0.0000025186,0.0000024898
0.0000020825,0.0000021245,0.0000025034,0.0000024647
0.0000020859,0.0000021183,0.0000024325,0.0000024039
0.0000020850,0.0000021080,0.0000023675,0.0000023462
0.0000020309,0.0000020656,0.0000023556,0.0000023226
0.0000020355,0.0000020607,0.0000022837,0.0000022621
0.0000020347,0.0000020519,0.0000022182,0.0000022052
0.0000019778,0.0000020089,0.0000022097,0.0000021835
0.0000019850,0.0000020046,0.0000021374,0.0000021224
0.0000019867,0.0000019952,0.0000020722,0.0000020654
0.0000019282,0.0000019519,0.0000020665,0.0000020453
0.0000019370,0.0000019494,0.0000019929,0.0000019845
0.0000019399,0.0000019418,0.0000019269,0.0000019278
0.0000018800,0.0000018977,0.0000019246,0.0000019090
0.0000018907,0.0000018969,0.0000018494,0.0000018488
0.0000018536,0.0000018667,0.0000018251,0.0000018168
0.0000018649,0.0000018652,0.0000017520,0.0000017567
0.0000018274,0.0000018349,0.0000017291,0.0000017257
0.0000018390,0.0000018338,0.0000016564,0.0000016664
0.0000018005,0.0000018035,0.0000016353,0.0000016367
0.0000018131,0.0000018030,0.0000015628,0.0000015780
0.0000017739,0.0000017728,0.0000015434,0.0000015494
0.0000017876,0.0000017729,0.0000014711,0.0000014911
0.0000017479,0.0000017430,0.0000014532,0.0000014637
0.0000017629,0.0000017438,0.0000013810,0.0000014057
0.0000017228,0.0000017143,0.0000013646,0.0000013793
0.0000017392,0.0000017158,0.0000012924,0.0000013217
0.0000016987,0.0000016867,0.0000012775,0.0000012964
0.0000017166,0.0000016889,0.0000012053,0.0000012392
0.0000016758,0.0000016603,0.0000011918,0.0000012149
0.0000016953,0.0000016634,0.0000011197,0.0000011581
0.0000016542,0.0000016353,0.0000011077,0.0000011349
0.0000016752,0.0000016391,0.0000010357,0.0000010785
0.0000016339,0.0000016116,0.0000010251,0.0000010564
0.0000016565,0.0000016163,0.0000009532,0.0000010005
0.0000016158,0.0000015878,0.0000009449,0.0000009794
0.0000016394,0.0000015941,0.0000008726,0.0000009243
0.0000015985,0.0000015663,0.0000008658,0.0000009044
0.0000016236,0.0000015737,0.0000007935,0.0000008499
0.0000015827,0.0000015464,0.0000007883,0.0000008311
0.0000016093,0.0000015549,0.0000007161,0.0000007771
0.0000015684,0.0000015281,0.0000007125,0.0000007594
0.0000015965,0.0000015382,0.0000006393,0.0000007066
0.0000015558,0.0000015116,0.0000006379,0.0000006897
0.0000015855,0.0000015223,0.0000005659,0.0000006371
0.0000015448,0.0000014964,0.0000005659,0.0000006215
0.0000015760,0.0000015080,0.0000004945,0.0000005694
0.0000015352,0.0000014828,0.0000004960,0.0000005553
0.0000015680,0.0000014954,0.0000004251,0.0000005037
0.0000015272,0.0000014710,0.0000004280,0.0000004909
0.0000015616,0.0000014845,0.0000003578,0.0000004399
0.0000015209,0.0000014609,0.0000003621,0.0000004285
0.0000015569,0.0000014752,0.0000002925,0.0000003781
0.0000015162,0.0000014525,0.0000002983,0.0000003682
0.0000015537,0.0000014687,0.0000002274,0.0000003194
0.0000015136,0.0000014461,0.0000002356,0.0000003103
0.0000015528,0.0000014633,0.0000001653,0.0000002621
0.0000015128,0.0000014413,0.0000001753,0.0000002542
0.0000015536,0.0000014596,0.0000001055,0.0000002069
0.0000015138,0.0000014383,0.0000001173,0.0000002002
0.0000015561,0.0000014578,0.0000000479,0.0000001538
0.0000015166,0.0000014371,0.0000000615,0.0000001485
0.0000015605,0.0000014577,-0.0000000074,0.0000001029
0.0000015211,0.0000014378,0.0000000079,0.0000000989
0.0000015673,0.0000014593,-0.0000000598,0.0000000530
0.0000015277,0.0000014405,-0.0000000432,0.0000000509
0.0000015750,0.0000014632,-0.0000001109,0.0000000069
0.0000015359,0.0000014449,-0.0000000923,0.0000000059
0.0000015846,0.0000014688,-0.0000001596,-0.0000000368
0.0000015459,0.0000014511,-0.0000001390,-0.0000000366
0.0000015960,0.0000014761,-0.0000002060,-0.0000000781
0.0000015579,0.0000014592,-0.0000001835,-0.0000000768
0.0000016094,0.0000014853,-0.0000002500,-0.0000001170
0.0000015717,0.0000014690,-0.0000002255,-0.0000001146
0.0000016246,0.0000014963,-0.0000002916,-0.0000001535
0.0000015874,0.0000014808,-0.0000002652,-0.0000001500
0.0000016006,0.0000014899,-0.0000002898,-0.0000001683
0.0000016154,0.0000014992,-0.0000003129,-0.0000001878
0.0000016292,0.0000015087,-0.0000003345,-0.0000002057
0.0000016423,0.0000015183,-0.0000003547,-0.0000002225
0.0000016552,0.0000015281,-0.0000003736,-0.0000002382
0.0000016681,0.0000015380,-0.0000003913,-0.0000002531
0.0000016809,0.0000015482,-0.0000004080,-0.0000002671
0.0000016939,0.0000015587,-0.0000004238,-0.0000002803
0.0000017072,0.0000015696,-0.0000004387,-0.0000002929
0.0000017207,0.0000015808,-0.0000004528,-0.0000003047
0.0000017345,0.0000015925,-0.0000004662,-0.0000003158
0.0000017488,0.0000016045,-0.0000004788,-0.0000003263
0.0000017633,0.0000016170,-0.0000004908,-0.0000003361
0.0000017783,0.0000016299,-0.0000005021,-0.0000003452
0.0000017938,0.0000016433,-0.0000005127,-0.0000003538
0.0000018096,0.0000016571,-0.0000005226,-0.0000003617
0.0000018259,0.0000016714,-0.0000005319,-0.0000003690
0.0000018426,0.0000016861,-0.0000005406,-0.0000003756
0.0000018598,0.0000017012,-0.0000005486,-0.0000003816
0.0000018774,0.0000017169,-0.0000005560,-0.0000003871
0.0000018954,0.0000017329,-0.0000005628,-0.0000003919
0.0000019139,0.0000017494,-0.0000005690,-0.0000003960
0.0000019335,0.0000017663,-0.0000005739,-0.0000004009
0.0000019524,0.0000017840,-0.0000005793,-0.0000004033
0.0000019725,0.0000018018,-0.0000005834,-0.0000004061
0.0000019923,0.0000018210,-0.0000005887,-0.0000004067
0.0000020133,0.0000018392,-0.0000005912,-0.0000004083
0.0000020346,0.0000018585,-0.0000005940,-0.0000004090
0.0000020566,0.0000018778,-0.0000005952,-0.0000004098
0.0000020787,0.0000018980,-0.0000005965,-0.0000004095
0.0000021010,0.0000019189,-0.0000005976,-0.0000004083
0.0000021237,0.0000019402,-0.0000005985,-0.0000004059
0.0000021467,0.0000019610,-0.0000005977,-0.0000004032
0.0000021697,0.0000019824,-0.0000005966,-0.0000003992
0.0000021940,0.0000020038,-0.0000005940,-0.0000003961
0.0000022177,0.0000020265,-0.0000005923,-0.0000003907
0.0000022429,0.0000020489,-0.0000005886,-0.0000003866
0.0000022674,0.0000020725,-0.0000005861,-0.0000003799
0.0000022936,0.0000020955,-0.0000005808,-0.0000003750
0.0000023196,0.0000021199,-0.0000005765,-0.0000003685
0.0000023462,0.0000021438,-0.0000005701,-0.0000003622
0.0000023727,0.0000021692,-0.0000005652,-0.0000003542
0.0000023998,0.0000021947,-0.0000005592,-0.0000003459
0.0000024274,0.0000022204,-0.0000005526,-0.0000003371
0.0000024554,0.0000022464,-0.0000005453,-0.0000003279
0.0000024837,0.0000022728,-0.0000005374,-0.0000003180
0.0000025123,0.0000022995,-0.0000005290,-0.0000003077
0.0000025413,0.0000023265,-0.0000005200,-0.0000002968
0.0000025706,0.0000023539,-0.0000005104,-0.0000002853
0.0000026002,0.0000023816,-0.0000005004,-0.0000002733
0.0000026301,0.0000024097,-0.0000004897,-0.0000002608
0.0000026604,0.0000024380,-0.0000004786,-0.0000002478
0.0000026910,0.0000024667,-0.0000004669,-0.0000002342
0.0000027219,0.0000024957,-0.0000004547,-0.0000002201
0.0000027530,0.0000025250,-0.0000004420,-0.0000002056
0.0000027845,0.0000025546,-0.0000004288,-0.0000001905
0.0000028163,0.0000025845,-0.0000004150,-0.0000001749
0.0000028483,0.0000026147,-0.0000004008,-0.0000001588
0.0000028807,0.0000026451,-0.0000003861,-0.0000001423
0.0000029133,0.0000026758,-0.0000003709,-0.0000001252
0.0000029461,0.0000027068,-0.0000003553,-0.0000001077
0.0000029792,0.0000027381,-0.0000003391,-0.0000000897
0.0000030126,0.0000027696,-0.0000003225,-0.0000000713
0.0000030462,0.0000028014,-0.0000003054,-0.0000000524
0.0000030800,0.0000028334,-0.0000002879,-0.0000000330
0.0000031141,0.0000028656,-0.0000002699,-0.0000000132
0.0000031484,0.0000028980,-0.0000002515,0.0000000070
0.0000031829,0.0000029307,-0.0000002326,0.0000000277
0.0000032176,0.0000029636,-0.0000002133,0.0000000488
0.0000032525,0.0000029967,-0.0000001936,0.0000000703
0.0000032876,0.0000030299,-0.0000001734,0.0000000922
0.0000033229,0.0000030634,-0.0000001529,0.0000001146
0.0000033584,0.0000030971,-0.0000001319,0.0000001373
0.0000033940,0.0000031309,-0.0000001106,0.0000001605
0.0000034298,0.0000031648,-0.0000000888,0.0000001840
0.0000034657,0.0000031990,-0.0000000667,0.0000002079
0.0000035018,0.0000032333,-0.0000000442,0.0000002322
0.0000035381,0.0000032677,-0.0000000213,0.0000002568
0.0000035744,0.0000033023,0.0000000020,0.0000002818
0.0000036109,0.0000033370,0.0000000255,0.0000003072
0.0000036475,0.0000033718,0.0000000495,0.0000003328
0.0000036842,0.0000034067,0.0000000738,0.0000003589
0.0000037210,0.0000034417,0.0000000984,0.0000003852
0.0000037578,0.0000034768,0.0000001234,0.0000004119
0.0000037948,0.0000035120,0.0000001486,0.0000004389
0.0000038318,0.0000035473,0.0000001742,0.0000004662
0.0000038689,0.0000035826,0.0000002001,0.0000004938
0.0000039061,0.0000036180,0.0000002263,0.0000005217
0.0000039433,0.0000036534,0.0000002527,0.0000005499
0.0000039805,0.0000036889,0.0000002795,0.0000005783
0.0000040178,0.0000037245,0.0000003065,0.0000006070
0.0000040551,0.0000037600,0.0000003338,0.0000006360
0.0000040924,0.0000037956,0.0000003614,0.0000006653
0.0000041297,0.0000038312,0.0000003892,0.0000006947
0.0000041670,0.0000038667,0.0000004172,0.0000007245
0.0000042043,0.0000039023,0.0000004455,0.0000007544
0.0000042415,0.0000039379,0.0000004740,0.0000007846
0.0000042788,0.0000039734,0.0000005027,0.0000008149
0.0000043160,0.0000040089,0.0000005316,0.0000008455
0.0000043531,0.0000040444,0.0000005608,0.0000008763
0.0000043902,0.0000040798,0.0000005901,0.0000009073
0.0000044273,0.0000041151,0.0000006196,0.0000009384
0.0000044642,0.0000041504,0.0000006493,0.0000009697
0.0000045011,0.0000041856,0.0000006792,0.0000010012
0.0000045379,0.0000042207,0.0000007092,0.0000010329
0.0000045746,0.0000042558,0.0000007394,0.0000010646
0.0000046112,0.0000042907,0.0000007697,0.0000010966
0.0000046477,0.0000043255,0.0000008001,0.0000011286
0.0000046840,0.0000043602,0.0000008307,0.0000011608
0.0000047203,0.0000043948,0.0000008614,0.0000011931
0.0000047563,0.0000044293,0.0000008923,0.0000012255
0.0000047923,0.0000044636,0.0000009232,0.0000012580
0.0000048281,0.0000044977,0.0000009542,0.0000012906
0.0000048637,0.0000045317,0.0000009853,0.0000013233
0.0000048991,0.0000045655,0.0000010165,0.0000013561
0.0000049344,0.0000045992,0.0000010478,0.0000013889
0.0000049694,0.0000046326,0.0000010791,0.0000014218
0.0000050043,0.0000046659,0.0000011105,0.0000014547
0.0000050390,0.0000046990,0.0000011420,0.0000014877
0.0000050734,0.0000047318,0.0000011734,0.0000015207
0.0000051076,0.0000047645,0.0000012050,0.0000015537
0.0000051416,0.0000047969,0.0000012365,0.0000015867
0.0000051754,0.0000048291,0.0000012680,0.0000016198
0.0000052089,0.0000048610,0.0000012996,0.0000016529
0.0000052422,0.0000048927,0.0000013312,0.0000016859
0.0000052752,0.0000049242,0.0000013627,0.0000017190
0.0000053079,0.0000049553,0.0000013943,0.0000017520
0.0000053403,0.0000049863,0.0000014258,0.0000017850
0.0000053725,0.0000050169,0.0000014573,0.0000018180
0.0000054044,0.0000050472,0.0000014887,0.0000018509
0.0000054359,0.0000050773,0.0000015202,0.0000018838
0.0000054672,0.0000051070,0.0000015515,0.0000019166
0.0000054981,0.0000051364,0.0000015828,0.0000019493
0.0000055288,0.0000051655,0.0000016140,0.0000019820
0.0000055590,0.0000051943,0.0000016452,0.0000020146
0.0000055890,0.0000052228,0.0000016763,0.0000020471
0.0000056186,0.0000052509,0.0000017073,0.0000020795
0.0000056479,0.0000052787,0.0000017381,0.0000021118
0.0000056768,0.0000053061,0.0000017689,0.0000021440
0.0000057053,0.0000053332,0.0000017996,0.0000021760
0.0000057334,0.0000053599,0.0000018301,0.0000022080
0.0000057612,0.0000053862,0.0000018606,0.0000022398
0.0000057886,0.0000054122,0.0000018909,0.0000022715
0.0000058156,0.0000054377,0.0000019210,0.0000023030
0.0000058422,0.0000054629,0.0000019510,0.0000023344
0.0000058684,0.0000054877,0.0000019809,0.0000023656
0.0000058942,0.0000055120,0.0000020106,0.0000023967
0.0000059196,0.0000055360,0.0000020401,0.0000024275
0.0000059445,0.0000055595,0.0000020695,0.0000024582
0.0000059690,0.0000055826,0.0000020987,0.0000024888
0.0000060420,0.0000056097,0.0000020790,0.0000025148
0.0000060042,0.0000056265,0.0000021690,0.0000025503
0.0000060791,0.0000056525,0.0000021462,0.0000025762
0.0000060416,0.0000056690,0.0000022347,0.0000026106
0.0000061174,0.0000056938,0.0000022095,0.0000026364
0.0000060808,0.0000057101,0.0000022958,0.0000026697
0.0000061566,0.0000057336,0.0000022692,0.0000026954
0.0000061203,0.0000057497,0.0000023538,0.0000027275
0.0000061957,0.0000057717,0.0000023263,0.0000027533
0.0000061593,0.0000057874,0.0000024095,0.0000027843
0.0000062337,0.0000058080,0.0000023815,0.0000028101
0.0000061970,0.0000058234,0.0000024635,0.0000028400
0.0000062704,0.0000058424,0.0000024351,0.0000028658
0.0000062332,0.0000058574,0.0000025161,0.0000028946
0.0000063054,0.0000058749,0.0000024874,0.0000029205
0.0000062677,0.0000058895,0.0000025674,0.0000029481
0.0000063385,0.0000059053,0.0000025384,0.0000029740
0.0000063002,0.0000059196,0.0000026175,0.0000030005
0.0000063696,0.0000059338,0.0000025882,0.0000030264
0.0000063307,0.0000059476,0.0000026663,0.0000030517
0.0000063987,0.0000059601,0.0000026369,0.0000030776
0.0000063592,0.0000059735,0.0000027139,0.0000031017
0.0000064256,0.0000059844,0.0000026843,0.0000031276
0.0000063855,0.0000059973,0.0000027603,0.0000031504
0.0000064505,0.0000060065,0.0000027305,0.0000031764
0.0000064096,0.0000060190,0.0000028055,0.0000031980
0.0000064731,0.0000060265,0.0000027755,0.0000032239
0.0000064316,0.0000060386,0.0000028495,0.0000032442
0.0000064936,0.0000060443,0.0000028192,0.0000032701
0.0000064514,0.0000060559,0.0000028921,0.0000032892
0.0000065118,0.0000060599,0.0000028617,0.0000033150
0.0000064683,0.0000060723,0.0000029328,0.0000033329
0.0000065275,0.0000060739,0.0000029026,0.0000033584
0.0000064839,0.0000060849,0.0000029731,0.0000033748
0.0000065413,0.0000060850,0.0000029425,0.0000034005
0.0000064972,0.0000060951,0.0000030121,0.0000034156
0.0000065528,0.0000060936,0.0000029810,0.0000034414
0.0000065083,0.0000061029,0.0000030497,0.0000034551
0.0000065620,0.0000061000,0.0000030182,0.0000034809
0.0000065170,0.0000061084,0.0000030859,0.0000034933
0.0000065690,0.0000061040,0.0000030540,0.0000035191
0.0000065235,0.0000061116,0.0000031206,0.0000035300
0.0000065730,0.0000061067,0.0000030878,0.0000035560
0.0000065267,0.0000061143,0.0000031531,0.0000035653
0.0000065756,0.0000061061,0.0000031211,0.0000035909
0.0000065281,0.0000061141,0.0000031846,0.0000035990
0.0000065754,0.0000061039,0.0000031525,0.0000036244
0.0000065274,0.0000061114,0.0000032148,0.0000036312
0.0000065730,0.0000060993,0.0000031825,0.0000036565
0.0000065243,0.0000061063,0.0000032436,0.0000036619
0.0000065683,0.0000060924,0.0000032111,0.0000036872
0.0000065190,0.0000060990,0.0000032710,0.0000036911
0.0000065606,0.0000060834,0.0000032376,0.0000037176
0.0000065112,0.0000060892,0.0000032967,0.0000037195
0.0000065516,0.0000060717,0.0000032636,0.0000037450
0.0000065014,0.0000060772,0.0000033212,0.0000037458
0.0000065403,0.0000060579,0.0000032880,0.0000037709
0.0000064893,0.0000060631,0.0000033443,0.0000037704
0.0000065267,0.0000060420,0.0000033111,0.0000037951
0.0000064749,0.0000060469,0.0000033658,0.0000037934
0.0000065108,0.0000060240,0.0000033326,0.0000038178
0.0000064583,0.0000060285,0.0000033860,0.0000038149
0.0000064926,0.0000060038,0.0000033528,0.0000038390
0.0000064395,0.0000060080,0.0000034047,0.0000038349
0.0000064715,0.0000059827,0.0000033707,0.0000038588
0.0000064182,0.0000059860,0.0000034217,0.0000038532
0.0000064482,0.0000059584,0.0000033872,0.0000038784
0.0000063947,0.0000059610,0.0000034373,0.0000038710
0.0000064233,0.0000059314,0.0000034029,0.0000038960
0.0000063693,0.0000059336,0.0000034517,0.0000038871
0.0000063962,0.0000059022,0.0000034172,0.0000039120
0.0000063417,0.0000059042,0.0000034647,0.0000039017
0.0000063670,0.0000058710,0.0000034301,0.0000039267
0.0000063121,0.0000058727,0.0000034763,0.0000039149
0.0000063358,0.0000058377,0.0000034417,0.0000039398
0.0000062803,0.0000058392,0.0000034865,0.0000039267
0.0000063024,0.0000058025,0.0000034518,0.0000039516
0.0000062465,0.0000058037,0.0000034953,0.0000039372
0.0000062670,0.0000057652,0.0000034607,0.0000039621
0.0000062107,0.0000057662,0.0000035029,0.0000039462
0.0000062296,0.0000057260,0.0000034682,0.0000039711
0.0000061729,0.0000057268,0.0000035091,0.0000039539
0.0000061902,0.0000056849,0.0000034744,0.0000039788
0.0000061331,0.0000056855,0.0000035141,0.0000039603
0.0000061489,0.0000056418,0.0000034794,0.0000039853
0.0000060915,0.0000056423,0.0000035178,0.0000039654
0.0000061057,0.0000055970,0.0000034831,0.0000039904
0.0000060479,0.0000055973,0.0000035202,0.0000039692
0.0000060607,0.0000055504,0.0000034856,0.0000039943
0.0000060026,0.0000055505,0.0000035215,0.0000039718
0.0000060138,0.0000055020,0.0000034869,0.0000039970
0.0000059555,0.0000055020,0.0000035216,0.0000039732
0.0000059652,0.0000054519,0.0000034871,0.0000039985
0.0000059067,0.0000054518,0.0000035206,0.0000039734
0.0000059149,0.0000054001,0.0000034862,0.0000039988
0.0000058561,0.0000054000,0.0000035184,0.0000039725
0.0000058629,0.0000053468,0.0000034842,0.0000039980
0.0000058040,0.0000053465,0.0000035152,0.0000039705
0.0000058094,0.0000052919,0.0000034811,0.0000039962
0.0000057503,0.0000052916,0.0000035110,0.0000039674
0.0000057542,0.0000052354,0.0000034770,0.0000039933
0.0000056963,0.0000052345,0.0000035059,0.0000039626
0.0000056983,0.0000051771,0.0000034719,0.0000039891
0.0000056394,0.0000051767,0.0000034995,0.0000039578
0.0000056401,0.0000051181,0.0000034657,0.0000039844
0.0000055808,0.0000051178,0.0000034922,0.0000039520
0.0000055804,0.0000050576,0.0000034588,0.0000039787
0.0000055208,0.0000050575,0.0000034843,0.0000039453
0.0000055193,0.0000049958,0.0000034512,0.0000039720
0.0000054594,0.0000049959,0.0000034756,0.0000039376
0.0000054568,0.0000049329,0.0000034428,0.0000039645
0.0000053968,0.0000049331,0.0000034662,0.0000039292
0.0000053932,0.0000048687,0.0000034337,0.0000039563
0.0000053330,0.0000048691,0.0000034560,0.0000039200
0.0000053283,0.0000048034,0.0000034238,0.0000039472
0.0000052696,0.0000048033,0.0000034453,0.0000039092
0.0000052633,0.0000047366,0.0000034132,0.0000039372
0.0000052044,0.0000047369,0.0000034335,0.0000038984
0.0000051968,0.0000046692,0.0000034017,0.0000039268
0.0000051381,0.0000046697,0.0000034212,0.0000038869
0.0000051293,0.0000046009,0.0000033898,0.0000039157
0.0000050708,0.0000046015,0.0000034083,0.0000038749
0.0000050609,0.0000045317,0.0000033773,0.0000039041
0.0000050026,0.0000045326,0.0000033950,0.0000038624
0.0000049915,0.0000044618,0.0000033644,0.0000038920
0.0000049336,0.0000044629,0.0000033812,0.0000038493
0.0000049214,0.0000043911,0.0000033511,0.0000038794
0.0000048639,0.0000043925,0.0000033671,0.0000038358
0.0000048506,0.0000043198,0.0000033374,0.0000038664
0.0000047934,0.0000043214,0.0000033526,0.0000038220
0.0000047792,0.0000042479,0.0000033234,0.0000038530
0.0000047224,0.0000042498,0.0000033378,0.0000038078
0.0000047071,0.0000041754,0.0000033090,0.0000038393
0.0000046508,0.0000041778,0.0000033227,0.0000037933
0.0000046346,0.0000041025,0.0000032945,0.0000038254
0.0000045787,0.0000041052,0.0000033075,0.0000037786
0.0000045616,0.0000040293,0.0000032798,0.0000038112
0.0000045063,0.0000040324,0.0000032921,0.0000037637
0.0000044883,0.0000039557,0.0000032650,0.0000037969
0.0000044335,0.0000039592,0.0000032766,0.0000037486
0.0000044146,0.0000038819,0.0000032501,0.0000037825
0.0000043604,0.0000038858,0.0000032611,0.0000037335
0.0000043407,0.0000038079,0.0000032352,0.0000037680
0.0000042871,0.0000038123,0.0000032456,0.0000037184
0.0000042667,0.0000037338,0.0000032203,0.0000037535
0.0000042137,0.0000037386,0.0000032302,0.0000037033
0.0000041933,0.0000036580,0.0000032064,0.0000037390
0.0000041405,0.0000036642,0.0000032151,0.0000036886
0.0000041193,0.0000035833,0.0000031919,0.0000037249
0.0000040671,0.0000035902,0.0000032000,0.0000036740
0.0000040453,0.0000035088,0.0000031775,0.0000037110
0.0000039938,0.0000035164,0.0000031851,0.0000036595
0.0000039713,0.0000034345,0.0000031633,0.0000036972
0.0000039206,0.0000034428,0.0000031704,0.0000036452
0.0000038976,0.0000033605,0.0000031495,0.0000036836
0.0000038476,0.0000033696,0.0000031561,0.0000036311
0.0000038240,0.0000032868,0.0000031360,0.0000036703
0.0000037748,0.0000032966,0.0000031421,0.0000036174
0.0000037508,0.0000032135,0.0000031229,0.0000036573
0.0000037025,0.0000032241,0.0000031286,0.0000036040
0.0000036780,0.0000031406,0.0000031102,0.0000036447
0.0000036305,0.0000031520,0.0000031155,0.0000035911
0.0000036056,0.0000030682,0.0000030980,0.0000036326
0.0000035590,0.0000030804,0.0000031029,0.0000035786
0.0000035337,0.0000029963,0.0000030864,0.0000036210
0.0000034880,0.0000030094,0.0000030909,0.0000035667
0.0000034624,0.0000029251,0.0000030753,0.0000036099
0.0000034176,0.0000029390,0.0000030795,0.0000035554
0.0000033919,0.0000028538,0.0000030662,0.0000035987
0.0000033477,0.0000028691,0.0000030695,0.0000035444
0.0000033216,0.0000027840,0.0000030566,0.0000035889
0.0000032786,0.0000028002,0.0000030596,0.0000035344
0.0000032523,0.0000027151,0.0000030476,0.0000035798
0.0000032103,0.0000027322,0.0000030504,0.0000035251
0.0000031839,0.0000026469,0.0000030393,0.0000035714
0.0000031430,0.0000026650,0.0000030419,0.0000035166
0.0000031163,0.0000025797,0.0000030318,0.0000035638
0.0000030765,0.0000025987,0.0000030342,0.0000035088
0.0000030498,0.0000025135,0.0000030251,0.0000035570
0.0000030111,0.0000025334,0.0000030274,0.0000035019
0.0000029842,0.0000024483,0.0000030193,0.0000035510
0.0000029467,0.0000024692,0.0000030215,0.0000034959
0.0000029197,0.0000023841,0.0000030145,0.0000035459
0.0000028833,0.0000024061,0.0000030165,0.0000034908
0.0000028563,0.0000023211,0.0000030106,0.0000035418
0.0000028209,0.0000023448,0.0000030113,0.0000034873
0.0000027941,0.0000022604,0.0000030054,0.0000035397
0.0000027605,0.0000022837,0.0000030084,0.0000034837
0.0000027336,0.0000021987,0.0000030054,0.0000035363
0.0000027006,0.0000022239,0.0000030074,0.0000034812
0.0000026735,0.0000021394,0.0000030048,0.0000035352
0.0000026418,0.0000021658,0.0000030066,0.0000034802
0.0000026149,0.0000020817,0.0000030049,0.0000035352
0.0000025845,0.0000021091,0.0000030068,0.0000034803
0.0000025578,0.0000020251,0.0000030065,0.0000035362
0.0000025287,0.0000020534,0.0000030089,0.0000034811
0.0000025020,0.0000019695,0.0000030101,0.0000035378
0.0000024740,0.0000019995,0.0000030117,0.0000034834
0.0000024475,0.0000019163,0.0000030135,0.0000035414
0.0000024210,0.0000019465,0.0000030165,0.0000034864
0.0000023945,0.0000018643,0.0000030185,0.0000035460
0.0000023694,0.0000018959,0.0000030212,0.0000034913
0.0000023432,0.0000018138,0.0000030246,0.0000035517
0.0000023195,0.0000018463,0.0000030279,0.0000034970
0.0000022935,0.0000017648,0.0000030323,0.0000035585
0.0000022711,0.0000017983,0.0000030360,0.0000035039
0.0000022453,0.0000017175,0.0000030414,0.0000035666
0.0000022241,0.0000017529,0.0000030437,0.0000035130
0.0000021990,0.0000016717,0.0000030517,0.0000035758
0.0000021791,0.0000017085,0.0000030540,0.0000035226
0.0000021542,0.0000016277,0.0000030631,0.0000035864
0.0000021356,0.0000016657,0.0000030656,0.0000035335
0.0000021111,0.0000015855,0.0000030759,0.0000035983
0.0000020939,0.0000016247,0.0000030785,0.0000035458
0.0000020697,0.0000015450,0.0000030901,0.0000036116
0.0000020538,0.0000015855,0.0000030928,0.0000035593
0.0000020300,0.0000015063,0.0000031057,0.0000036261
0.0000020155,0.0000015480,0.0000031085,0.0000035743
0.0000019921,0.0000014695,0.0000031226,0.0000036420
0.0000019790,0.0000015124,0.0000031256,0.0000035905
0.0000019560,0.0000014344,0.0000031409,0.0000036592
0.0000019443,0.0000014786,0.0000031441,0.0000036081
0.0000019218,0.0000014013,0.0000031606,0.0000036777
0.0000019114,0.0000014466,0.0000031640,0.0000036271
0.0000018893,0.0000013700,0.0000031816,0.0000036976
0.0000018803,0.0000014166,0.0000031852,0.0000036474
0.0000018651,0.0000013948,0.0000031977,0.0000036645
0.0000018497,0.0000013745,0.0000032093,0.0000036829
0.0000018352,0.0000013560,0.0000032214,0.0000036997
0.0000018213,0.0000013391,0.0000032339,0.0000037155
0.0000018080,0.0000013237,0.0000032468,0.0000037306
0.0000017952,0.0000013094,0.0000032599,0.0000037453
0.0000017830,0.0000012962,0.0000032733,0.0000037597
0.0000017712,0.0000012839,0.0000032871,0.0000037741
0.0000017600,0.0000012724,0.0000033012,0.0000037884
0.0000017492,0.0000012617,0.0000033156,0.0000038029
0.0000017390,0.0000012516,0.0000033303,0.0000038175
0.0000017292,0.0000012421,0.0000033454,0.0000038322
0.0000017199,0.0000012333,0.0000033608,0.0000038472
0.0000017111,0.0000012250,0.0000033765,0.0000038625
0.0000017027,0.0000012173,0.0000033925,0.0000038780
0.0000016949,0.0000012101,0.0000034089,0.0000038937
0.0000016875,0.0000012034,0.0000034256,0.0000039098
0.0000016806,0.0000011972,0.0000034426,0.0000039261
0.0000016742,0.0000011916,0.0000034600,0.0000039428
0.0000016682,0.0000011864,0.0000034777,0.0000039598
0.0000016628,0.0000011817,0.0000034957,0.0000039770
0.0000016578,0.0000011775,0.0000035140,0.0000039946
0.0000016539,0.0000011725,0.0000035333,0.0000040123
0.0000016482,0.0000011706,0.0000035517,0.0000040315
0.0000016453,0.0000011670,0.0000035714,0.0000040495
0.0000016413,0.0000011655,0.0000035906,0.0000040687
0.0000016394,0.0000011631,0.0000036109,0.0000040873
0.0000016373,0.0000011611,0.0000036314,0.0000041068
0.0000016342,0.0000011614,0.0000036513,0.0000041271
0.0000016335,0.0000011609,0.0000036722,0.0000041465
0.0000016329,0.0000011611,0.0000036932,0.0000041665
0.0000016325,0.0000011618,0.0000037144,0.0000041870
0.0000016323,0.0000011633,0.0000037358,0.0000042078
0.0000016324,0.0000011654,0.0000037575,0.0000042289
0.0000016329,0.0000011684,0.0000037792,0.0000042501
0.0000016351,0.0000011699,0.0000038023,0.0000042712
0.0000016376,0.0000011725,0.0000038250,0.0000042926
0.0000016408,0.0000011761,0.0000038475,0.0000043142
0.0000016437,0.0000011794,0.0000038709,0.0000043366
0.0000016473,0.0000011839,0.0000038940,0.0000043590
0.0000016509,0.0000011882,0.0000039179,0.0000043820
0.0000016553,0.0000011937,0.0000039413,0.0000044048
0.0000016597,0.0000011988,0.0000039658,0.0000044283
0.0000016659,0.0000012037,0.0000039906,0.0000044513
0.0000016704,0.0000012103,0.0000040150,0.0000044757
0.0000016758,0.0000012171,0.0000040399,0.0000045000
0.0000016818,0.0000012242,0.0000040652,0.0000045243
0.0000016882,0.0000012317,0.0000040906,0.0000045488
0.0000016950,0.0000012396,0.0000041162,0.0000045734
0.0000017023,0.0000012479,0.0000041420,0.0000045983
0.0000017100,0.0000012566,0.0000041680,0.0000046233
0.0000017181,0.0000012657,0.0000041942,0.0000046484
0.0000017266,0.0000012753,0.0000042205,0.0000046738
0.0000017355,0.0000012852,0.0000042470,0.0000046993
0.0000017447,0.0000012955,0.0000042737,0.0000047250
0.0000017543,0.0000013062,0.0000043006,0.0000047508
0.0000017643,0.0000013172,0.0000043276,0.0000047768
0.0000017746,0.0000013286,0.0000043547,0.0000048029
0.0000017853,0.0000013404,0.0000043820,0.0000048292
0.0000017964,0.0000013525,0.0000044094,0.0000048556
0.0000018078,0.0000013650,0.0000044370,0.0000048822
0.0000018195,0.0000013778,0.0000044647,0.0000049088
0.0000018316,0.0000013909,0.0000044925,0.0000049356
0.0000018439,0.0000014044,0.0000045205,0.0000049625
0.0000018566,0.0000014182,0.0000045485,0.0000049894
0.0000018697,0.0000014324,0.0000045767,0.0000050165
0.0000018830,0.0000014468,0.0000046049,0.0000050437
0.0000018966,0.0000014616,0.0000046332,0.0000050709
0.0000019105,0.0000014766,0.0000046616,0.0000050982
0.0000019247,0.0000014920,0.0000046901,0.0000051256
0.0000019392,0.0000015076,0.0000047187,0.0000051531
0.0000019540,0.0000015235,0.0000047473,0.0000051806
0.0000019691,0.0000015398,0.0000047759,0.0000052081
0.0000019844,0.0000015562,0.0000048046,0.0000052357
0.0000019999,0.0000015730,0.0000048334,0.0000052633
0.0000020158,0.0000015900,0.0000048621,0.0000052909
0.0000020318,0.0000016072,0.0000048909,0.0000053186
0.0000020481,0.0000016247,0.0000049197,0.0000053462
0.0000020646,0.0000016424,0.0000049485,0.0000053739
0.0000020814,0.0000016604,0.0000049774,0.0000054015
0.0000020984,0.0000016786,0.0000050062,0.0000054292
0.0000021156,0.0000016970,0.0000050350,0.0000054568
0.0000021330,0.0000017156,0.0000050637,0.0000054844
0.0000021505,0.0000017344,0.0000050925,0.0000055119
0.0000021683,0.0000017534,0.0000051212,0.0000055394
0.0000021863,0.0000017726,0.0000051498,0.0000055669
0.0000022044,0.0000017920,0.0000051784,0.0000055943
0.0000022227,0.0000018116,0.0000052070,0.0000056216
0.0000022412,0.0000018313,0.0000052355,0.0000056488
0.0000022598,0.0000018512,0.0000052639,0.0000056760
0.0000022786,0.0000018713,0.0000052922,0.0000057031
0.0000022975,0.0000018914,0.0000053204,0.0000057300
0.0000023166,0.0000019118,0.0000053485,0.0000057569
0.0000023357,0.0000019322,0.0000053765,0.0000057837
0.0000023550,0.0000019528,0.0000054044,0.0000058103
0.0000023744,0.0000019735,0.0000054322,0.0000058368
0.0000023939,0.0000019944,0.0000054598,0.0000058631
0.0000024135,0.0000020153,0.0000054873,0.0000058893
0.0000024332,0.0000020363,0.0000055147,0.0000059154
0.0000024530,0.0000020574,0.0000055419,0.0000059413
0.0000024729,0.0000020786,0.0000055689,0.0000059670
0.0000024928,0.0000020999,0.0000055958,0.0000059926
0.0000025127,0.0000021212,0.0000056224,0.0000060179
0.0000025328,0.0000021426,0.0000056489,0.0000060431
0.0000025529,0.0000021640,0.0000056752,0.0000060681
0.0000025730,0.0000021855,0.0000057013,0.0000060928
0.0000025931,0.0000022070,0.0000057272,0.0000061174
0.0000026133,0.0000022285,0.0000057529,0.0000061417
0.0000026334,0.0000022501,0.0000057784,0.0000061658
0.0000026536,0.0000022717,0.0000058036,0.0000061896
0.0000026738,0.0000022933,0.0000058285,0.0000062132
0.0000026940,0.0000023148,0.0000058533,0.0000062365
0.0000027142,0.0000023364,0.0000058777,0.0000062596
0.0000027343,0.0000023580,0.0000059020,0.0000062824
0.0000027544,0.0000023795,0.0000059259,0.0000063050
0.0000027745,0.0000024010,0.0000059495,0.0000063272
0.0000027946,0.0000024225,0.0000059729,0.0000063492
0.0000028146,0.0000024439,0.0000059960,0.0000063708
0.0000028345,0.0000024653,0.0000060188,0.0000063922
0.0000028543,0.0000024866,0.0000060412,0.0000064132
0.0000028741,0.0000025079,0.0000060634,0.0000064339
0.0000028939,0.0000025291,0.0000060852,0.0000064543
0.0000029135,0.0000025502,0.0000061067,0.0000064744
0.0000029330,0.0000025712,0.0000061279,0.0000064941
0.0000029525,0.0000025921,0.0000061487,0.0000065134
0.0000029718,0.0000026129,0.0000061692,0.0000065324
0.0000029910,0.0000026336,0.0000061893,0.0000065510
0.0000030101,0.0000026542,0.0000062091,0.0000065693
0.0000030291,0.0000026747,0.0000062285,0.0000065872
0.0000030479,0.0000026950,0.0000062475,0.0000066047
0.0000030666,0.0000027153,0.0000062661,0.0000066218
0.0000030852,0.0000027353,0.0000062843,0.0000066385
0.0000031035,0.0000027552,0.0000063022,0.0000066548
0.0000031218,0.0000027750,0.0000063196,0.0000066707
0.0000031398,0.0000027946,0.0000063366,0.0000066862
0.0000031577,0.0000028141,0.0000063532,0.0000067013
0.0000031755,0.0000028333,0.0000063694,0.0000067159
0.0000031930,0.0000028524,0.0000063852,0.0000067301
0.0000032103,0.0000028713,0.0000064005,0.0000067439
0.0000032275,0.0000028900,0.0000064154,0.0000067572
0.0000032444,0.0000029085,0.0000064298,0.0000067701
0.0000032611,0.0000029268,0.0000064438,0.0000067825
0.0000032776,0.0000029449,0.0000064573,0.0000067944
0.0000032939,0.0000029628,0.0000064704,0.0000068059
0.0000033100,0.0000029804,0.0000064830,0.0000068169
0.0000033258,0.0000029979,0.0000064951,0.0000068274
0.0000033414,0.0000030151,0.0000065068,0.0000068375
0.0000033567,0.0000030320,0.0000065179,0.0000068470
0.0000033718,0.0000030487,0.0000065286,0.0000068561
0.0000033728,0.0000030260,0.0000065527,0.0000069038
0.0000034051,0.0000030914,0.0000065450,0.0000068624
0.0000034047,0.0000030663,0.0000065687,0.0000069112
0.0000034356,0.0000031300,0.0000065603,0.0000068704
0.0000034344,0.0000031031,0.0000065836,0.0000069191
0.0000034639,0.0000031645,0.0000065748,0.0000068793
0.0000034621,0.0000031366,0.0000065972,0.0000069273
0.0000034904,0.0000031960,0.0000065879,0.0000068878
0.0000034882,0.0000031675,0.0000066092,0.0000069346
0.0000035154,0.0000032252,0.0000065992,0.0000068953
0.0000035128,0.0000031964,0.0000066194,0.0000069406
0.0000035390,0.0000032527,0.0000066087,0.0000069012
0.0000035361,0.0000032236,0.0000066276,0.0000069448
0.0000035613,0.0000032785,0.0000066161,0.0000069052
0.0000035580,0.0000032494,0.0000066337,0.0000069471
0.0000035822,0.0000033029,0.0000066213,0.0000069072
0.0000035786,0.0000032737,0.0000066376,0.0000069473
0.0000036018,0.0000033259,0.0000066244,0.0000069071
0.0000035979,0.0000032967,0.0000066393,0.0000069454
0.0000036200,0.0000033475,0.0000066252,0.0000069048
0.0000036158,0.0000033183,0.0000066388,0.0000069412
0.0000036369,0.0000033677,0.0000066238,0.0000069003
0.0000036323,0.0000033385,0.0000066360,0.0000069347
0.0000036538,0.0000033857,0.0000066203,0.0000068926
0.0000036482,0.0000033571,0.0000066306,0.0000069256
0.0000036685,0.0000034031,0.0000066140,0.0000068833
0.0000036623,0.0000033745,0.0000066230,0.0000069145
0.0000036815,0.0000034190,0.0000066055,0.0000068718
0.0000036748,0.0000033906,0.0000066130,0.0000069010
0.0000036930,0.0000034336,0.0000065948,0.0000068579
0.0000036858,0.0000034052,0.0000066008,0.0000068851
0.0000037030,0.0000034467,0.0000065817,0.0000068416
0.0000036954,0.0000034183,0.0000065863,0.0000068669
0.0000037114,0.0000034583,0.0000065664,0.0000068230
0.0000037034,0.0000034300,0.0000065694,0.0000068463
0.0000037185,0.0000034680,0.0000065497,0.0000068015
0.0000037098,0.0000034401,0.0000065507,0.0000068232
0.0000037237,0.0000034770,0.0000065293,0.0000067784
0.0000037147,0.0000034490,0.0000065291,0.0000067979
0.0000037276,0.0000034845,0.0000065065,0.0000067529
0.0000037183,0.0000034563,0.0000065049,0.0000067702
0.0000037300,0.0000034904,0.0000064812,0.0000067250
0.0000037205,0.0000034622,0.0000064784,0.0000067402
0.0000037310,0.0000034949,0.0000064535,0.0000066948
0.0000037211,0.0000034665,0.0000064494,0.0000067077
0.0000037305,0.0000034978,0.0000064234,0.0000066621
0.0000037203,0.0000034694,0.0000064181,0.0000066729
0.0000037287,0.0000034984,0.0000063927,0.0000066263
0.0000037177,0.0000034705,0.0000063853,0.0000066355
0.0000037249,0.0000034980,0.0000063588,0.0000065886
0.0000037135,0.0000034702,0.0000063498,0.0000065959
0.0000037196,0.0000034962,0.0000063226,0.0000065487
0.0000037078,0.0000034685,0.0000063120,0.0000065540
0.0000037128,0.0000034929,0.0000062840,0.0000065065
0.0000037006,0.0000034653,0.0000062718,0.0000065097
0.0000037040,0.0000034883,0.0000062425,0.0000064630
0.0000036929,0.0000034599,0.0000062293,0.0000064632
0.0000036952,0.0000034815,0.0000061996,0.0000064154
0.0000036829,0.0000034539,0.0000061845,0.0000064142
0.0000036844,0.0000034738,0.0000061542,0.0000063658
0.0000036712,0.0000034466,0.0000061375,0.0000063631
0.0000036719,0.0000034648,0.0000061068,0.0000063138
0.0000036580,0.0000034379,0.0000060884,0.0000063095
0.0000036579,0.0000034544,0.0000060573,0.0000062596
0.0000036432,0.0000034278,0.0000060372,0.0000062537
0.0000036414,0.0000034427,0.0000060047,0.0000062050
0.0000036264,0.0000034162,0.0000059835,0.0000061969
0.0000036239,0.0000034292,0.0000059506,0.0000061476
0.0000036086,0.0000034029,0.0000059280,0.0000061374
0.0000036052,0.0000034143,0.0000058945,0.0000060878
0.0000035894,0.0000033883,0.0000058704,0.0000060758
0.0000035851,0.0000033980,0.0000058363,0.0000060259
0.0000035689,0.0000033724,0.0000058108,0.0000060120
0.0000035637,0.0000033805,0.0000057761,0.0000059619
0.0000035486,0.0000033543,0.0000057492,0.0000059454
0.0000035418,0.0000033613,0.0000057136,0.0000058956
0.0000035262,0.0000033356,0.0000056853,0.0000058773
0.0000035182,0.0000033411,0.0000056491,0.0000058275
0.0000035024,0.0000033157,0.0000056195,0.0000058074
0.0000034933,0.0000033197,0.0000055828,0.0000057575
0.0000034765,0.0000032959,0.0000055511,0.0000057357
0.0000034669,0.0000032977,0.0000055144,0.0000056855
0.0000034504,0.0000032732,0.0000054820,0.0000056617
0.0000034395,0.0000032738,0.0000054446,0.0000056117
0.0000034230,0.0000032493,0.0000054110,0.0000055861
0.0000034110,0.0000032486,0.0000053730,0.0000055363
0.0000033945,0.0000032241,0.0000053382,0.0000055089
0.0000033812,0.0000032222,0.0000052996,0.0000054592
0.0000033648,0.0000031978,0.0000052638,0.0000054300
0.0000033504,0.0000031947,0.0000052246,0.0000053805
0.0000033340,0.0000031704,0.0000051877,0.0000053495
0.0000033186,0.0000031661,0.0000051480,0.0000053001
0.0000033022,0.0000031419,0.0000051101,0.0000052674
0.0000032848,0.0000031223,0.0000050702,0.0000052319
0.0000032688,0.0000031247,0.0000050298,0.0000051738
0.0000032513,0.0000031026,0.0000049891,0.0000051394
0.0000032343,0.0000030817,0.0000049485,0.0000051017
0.0000032166,0.0000030798,0.0000049086,0.0000050455
0.0000031998,0.0000030566,0.0000048669,0.0000050088
0.0000031823,0.0000030365,0.0000048244,0.0000049696
0.0000031625,0.0000030312,0.0000047846,0.0000049154
0.0000031454,0.0000030095,0.0000047408,0.0000048764
0.0000031280,0.0000029894,0.0000046970,0.0000048351
0.0000031064,0.0000029807,0.0000046576,0.0000047828
0.0000030895,0.0000029599,0.0000046122,0.0000047413
0.0000030720,0.0000029403,0.0000045670,0.0000046980
0.0000030486,0.0000029282,0.0000045280,0.0000046476
0.0000030319,0.0000029085,0.0000044810,0.0000046037
0.0000030144,0.0000028896,0.0000044344,0.0000045585
0.0000029893,0.0000028742,0.0000043959,0.0000045101
0.0000029729,0.0000028556,0.0000043475,0.0000044638
0.0000029555,0.0000028374,0.0000042996,0.0000044166
0.0000029287,0.0000028189,0.0000042616,0.0000043703
0.0000029126,0.0000028014,0.0000042117,0.0000043217
0.0000028954,0.0000027840,0.0000041626,0.0000042727
0.0000028670,0.0000027624,0.0000041252,0.0000042284
0.0000028513,0.0000027462,0.0000040740,0.0000041776
0.0000028343,0.0000027296,0.0000040238,0.0000041269
0.0000028162,0.0000027127,0.0000039743,0.0000040762
0.0000027813,0.0000026847,0.0000039425,0.0000040375
0.0000027667,0.0000026705,0.0000038891,0.0000039836
0.0000027505,0.0000026553,0.0000038372,0.0000039305
0.0000027329,0.0000026393,0.0000037864,0.0000038780
0.0000026952,0.0000026054,0.0000037565,0.0000038443
0.0000026816,0.0000025935,0.0000037013,0.0000037874
0.0000026660,0.0000025799,0.0000036479,0.0000037319
0.0000026489,0.0000025649,0.0000035959,0.0000036777
0.0000026087,0.0000025255,0.0000035680,0.0000036489
0.0000025962,0.0000025159,0.0000035112,0.0000035891
0.0000025813,0.0000025039,0.0000034566,0.0000035316
0.0000025647,0.0000024902,0.0000034037,0.0000034757
0.0000025468,0.0000024752,0.0000033520,0.0000034211
0.0000024969,0.0000024213,0.0000033337,0.0000034066
0.0000024866,0.0000024157,0.0000032743,0.0000033425
0.0000024734,0.0000024068,0.0000032178,0.0000032817
0.0000024581,0.0000023952,0.0000031635,0.0000032235
0.0000024126,0.0000023437,0.0000031404,0.0000032064
0.0000024031,0.0000023402,0.0000030804,0.0000031403
0.0000023911,0.0000023316,0.0000030241,0.0000030780
0.0000023759,0.0000023218,0.0000029691,0.0000030192
0.0000023281,0.0000022656,0.0000029482,0.0000030072
0.0000023196,0.0000022645,0.0000028874,0.0000029391
0.0000023081,0.0000022585,0.0000028301,0.0000028755
0.0000022938,0.0000022497,0.0000027751,0.0000028155
0.0000022441,0.0000021884,0.0000027570,0.0000028090
0.0000022370,0.0000021899,0.0000026954,0.0000027389
0.0000022261,0.0000021868,0.0000026373,0.0000026740
0.0000021858,0.0000021365,0.0000026110,0.0000026558
0.0000021788,0.0000021389,0.0000025498,0.0000025855
0.0000021680,0.0000021368,0.0000024919,0.0000025208
0.0000021266,0.0000020847,0.0000024669,0.0000025055
0.0000021205,0.0000020880,0.0000024060,0.0000024346
0.0000021102,0.0000020871,0.0000023483,0.0000023696
0.0000020677,0.0000020330,0.0000023248,0.0000023577
0.0000020628,0.0000020377,0.0000022642,0.0000022859
0.0000020540,0.0000020368,0.0000022073,0.0000022204
0.0000020111,0.0000019799,0.0000021857,0.0000022119
0.0000020068,0.0000019871,0.0000021246,0.0000021395
0.0000019974,0.0000019889,0.0000020675,0.0000020744
0.0000019541,0.0000019304,0.0000020474,0.0000020686
0.0000019515,0.0000019391,0.0000019867,0.0000019950
0.0000019440,0.0000019421,0.0000019300,0.0000019291
0.0000018999,0.0000018822,0.0000019112,0.0000019267
0.0000018991,0.0000018929,0.0000018510,0.0000018516
0.0000018688,0.0000018558,0.0000018189,0.0000018273
0.0000018673,0.0000018671,0.0000017588,0.0000017542
0.0000018370,0.0000018296,0.0000017279,0.0000017313
0.0000018360,0.0000018412,0.0000016686,0.0000016585
0.0000018057,0.0000018027,0.0000016389,0.0000016375
0.0000018052,0.0000018153,0.0000015802,0.0000015650
0.0000017750,0.0000017761,0.0000015516,0.0000015456
0.0000017751,0.0000017898,0.0000014933,0.0000014733
0.0000017452,0.0000017501,0.0000014659,0.0000014554
0.0000017460,0.0000017651,0.0000014079,0.0000013832
0.0000017164,0.0000017250,0.0000013815,0.0000013668
0.0000017180,0.0000017414,0.0000013239,0.0000012946
0.0000016889,0.0000017009,0.0000012986,0.0000012797
0.0000016911,0.0000017188,0.0000012413,0.0000012075
0.0000016625,0.0000016780,0.0000012171,0.0000011940
0.0000016656,0.0000016974,0.0000011603,0.0000011219
0.0000016375,0.0000016564,0.0000011371,0.0000011099
0.0000016413,0.0000016774,0.0000010807,0.0000010379
0.0000016138,0.0000016361,0.0000010586,0.0000010273
0.0000016185,0.0000016587,0.0000010027,0.0000009554
0.0000015900,0.0000016180,0.0000009816,0.0000009471
0.0000015963,0.0000016416,0.0000009265,0.0000008748
0.0000015685,0.0000016007,0.0000009066,0.0000008680
0.0000015759,0.0000016258,0.0000008520,0.0000007957
0.0000015486,0.0000015849,0.0000008332,0.0000007904
0.0000015571,0.0000016115,0.0000007793,0.0000007183
0.0000015303,0.0000015706,0.0000007616,0.0000007147
0.0000015404,0.0000015986,0.0000007088,0.0000006415
0.0000015137,0.0000015580,0.0000006919,0.0000006401
0.0000015245,0.0000015877,0.0000006393,0.0000005681
0.0000014986,0.0000015470,0.0000006237,0.0000005681
0.0000015102,0.0000015782,0.0000005716,0.0000004966
0.0000014850,0.0000015374,0.0000005574,0.0000004981
0.0000014976,0.0000015702,0.0000005058,0.0000004273
0.0000014732,0.0000015294,0.0000004931,0.0000004302
0.0000014866,0.0000015638,0.0000004420,0.0000003599
0.0000014630,0.0000015230,0.0000004307,0.0000003643
0.0000014774,0.0000015591,0.0000003803,0.0000002947
0.0000014546,0.0000015184,0.0000003704,0.0000003004
0.0000014709,0.0000015559,0.0000003215,0.0000002296
0.0000014483,0.0000015157,0.0000003124,0.0000002377
0.0000014655,0.0000015549,0.0000002642,0.0000001675
0.0000014435,0.0000015150,0.0000002563,0.0000001775
0.0000014618,0.0000015557,0.0000002090,0.0000001077
0.0000014405,0.0000015160,0.0000002024,0.0000001194
0.0000014599,0.0000015583,0.0000001560,0.0000000501
0.0000014393,0.0000015187,0.0000001506,0.0000000636
0.0000014598,0.0000015626,0.0000001051,-0.0000000053
0.0000014399,0.0000015233,0.0000001011,0.0000000100
0.0000014615,0.0000015694,0.0000000552,-0.0000000577
0.0000014426,0.0000015299,0.0000000531,-0.0000000410
0.0000014654,0.0000015771,0.0000000090,-0.0000001088
0.0000014471,0.0000015380,0.0000000081,-0.0000000901
0.0000014709,0.0000015867,-0.0000000347,-0.0000001575
0.0000014533,0.0000015481,-0.0000000345,-0.0000001369
0.0000014782,0.0000015982,-0.0000000760,-0.0000002038
0.0000014613,0.0000015600,-0.0000000747,-0.0000001814
0.0000014874,0.0000016115,-0.0000001149,-0.0000002479
0.0000014711,0.0000015738,-0.0000001125,-0.0000002234
0.0000014984,0.0000016267,-0.0000001514,-0.0000002895
0.0000014829,0.0000015895,-0.0000001479,-0.0000002631
0.0000014920,0.0000016027,-0.0000001662,-0.0000002877
0.0000015013,0.0000016175,-0.0000001857,-0.0000003108
0.0000015108,0.0000016312,-0.0000002036,-0.0000003325
0.0000015204,0.0000016444,-0.0000002204,-0.0000003526
0.0000015301,0.0000016573,-0.0000002361,-0.0000003715
0.0000015401,0.0000016701,-0.0000002510,-0.0000003893
0.0000015503,0.0000016830,-0.0000002650,-0.0000004060
0.0000015608,0.0000016960,-0.0000002783,-0.0000004218
0.0000015716,0.0000017092,-0.0000002908,-0.0000004367
0.0000015829,0.0000017227,-0.0000003026,-0.0000004508
0.0000015945,0.0000017366,-0.0000003138,-0.0000004642
0.0000016066,0.0000017508,-0.0000003242,-0.0000004768
0.0000016190,0.0000017654,-0.0000003341,-0.0000004888
0.0000016320,0.0000017804,-0.0000003432,-0.0000005000
0.0000016453,0.0000017958,-0.0000003518,-0.0000005106
0.0000016591,0.0000018116,-0.0000003597,-0.0000005206
0.0000016734,0.0000018279,-0.0000003670,-0.0000005299
0.0000016881,0.0000018446,-0.0000003736,-0.0000005386
0.0000017032,0.0000018618,-0.0000003796,-0.0000005466
0.0000017188,0.0000018793,-0.0000003851,-0.0000005541
0.0000017349,0.0000018974,-0.0000003899,-0.0000005609
0.0000017514,0.0000019159,-0.0000003941,-0.0000005670
0.0000017682,0.0000019355,-0.0000003990,-0.0000005719
0.0000017860,0.0000019544,-0.0000004013,-0.0000005773
0.0000018038,0.0000019744,-0.0000004042,-0.0000005814
0.0000018229,0.0000019942,-0.0000004047,-0.0000005868
0.0000018411,0.0000020152,-0.0000004063,-0.0000005893
0.0000018605,0.0000020366,-0.0000004071,-0.0000005921
0.0000018797,0.0000020585,-0.0000004079,-0.0000005933
0.0000018999,0.0000020806,-0.0000004076,-0.0000005945
0.0000019208,0.0000021030,-0.0000004064,-0.0000005957
0.0000019421,0.0000021256,-0.0000004041,-0.0000005966
0.0000019630,0.0000021486,-0.0000004013,-0.0000005958
0.0000019843,0.0000021716,-0.0000003974,-0.0000005947
0.0000020057,0.0000021959,-0.0000003942,-0.0000005921
0.0000020284,0.0000022196,-0.0000003888,-0.0000005905
0.0000020508,0.0000022448,-0.0000003847,-0.0000005868
0.0000020744,0.0000022693,-0.0000003780,-0.0000005842
0.0000020974,0.0000022955,-0.0000003732,-0.0000005789
0.0000021217,0.0000023215,-0.0000003667,-0.0000005746
0.0000021456,0.0000023480,-0.0000003604,-0.0000005683
0.0000021711,0.0000023745,-0.0000003523,-0.0000005633
0.0000021965,0.0000024017,-0.0000003440,-0.0000005574
0.0000022222,0.0000024292,-0.0000003353,-0.0000005507
0.0000022483,0.0000024572,-0.0000003260,-0.0000005435
0.0000022746,0.0000024855,-0.0000003162,-0.0000005356
0.0000023013,0.0000025141,-0.0000003059,-0.0000005272
0.0000023283,0.0000025431,-0.0000002950,-0.0000005182
0.0000023557,0.0000025724,-0.0000002835,-0.0000005086
0.0000023834,0.0000026020,-0.0000002715,-0.0000004986
0.0000024114,0.0000026319,-0.0000002590,-0.0000004880
0.0000024398,0.0000026622,-0.0000002460,-0.0000004768
0.0000024685,0.0000026928,-0.0000002324,-0.0000004651
0.0000024975,0.0000027236,-0.0000002184,-0.0000004529
0.0000025268,0.0000027548,-0.0000002038,-0.0000004402
0.0000025563,0.0000027863,-0.0000001887,-0.0000004270
0.0000025862,0.0000028180,-0.0000001732,-0.0000004133
0.0000026164,0.0000028501,-0.0000001571,-0.0000003991
0.0000026468,0.0000028824,-0.0000001405,-0.0000003844
0.0000026776,0.0000029150,-0.0000001235,-0.0000003692
0.0000027086,0.0000029478,-0.0000001060,-0.0000003535
0.0000027398,0.0000029809,-0.0000000880,-0.0000003374
0.0000027713,0.0000030143,-0.0000000696,-0.0000003208
0.0000028031,0.0000030479,-0.0000000507,-0.0000003037
0.0000028350,0.0000030817,-0.0000000313,-0.0000002862
0.0000028673,0.0000031158,-0.0000000116,-0.0000002682
0.0000028997,0.0000031501,0.0000000087,-0.0000002498
0.0000029324,0.0000031846,0.0000000293,-0.0000002309
0.0000029652,0.0000032193,0.0000000504,-0.0000002116
0.0000029983,0.0000032542,0.0000000720,-0.0000001919
0.0000030316,0.0000032893,0.0000000939,-0.0000001718
0.0000030650,0.0000033245,0.0000001162,-0.0000001512
0.0000030987,0.0000033600,0.0000001390,-0.0000001303
0.0000031325,0.0000033956,0.0000001621,-0.0000001089
0.0000031665,0.0000034314,0.0000001856,-0.0000000872
0.0000032006,0.0000034673,0.0000002095,-0.0000000651
0.0000032349,0.0000035034,0.0000002338,-0.0000000426
0.0000032693,0.0000035396,0.0000002584,-0.0000000197
0.0000033038,0.0000035760,0.0000002834,0.0000000035
0.0000033385,0.0000036125,0.0000003087,0.0000000271
0.0000033733,0.0000036490,0.0000003344,0.0000000511
0.0000034082,0.0000036857,0.0000003604,0.0000000753
0.0000034432,0.0000037225,0.0000003868,0.0000001000
0.0000034783,0.0000037594,0.0000004135,0.0000001249
0.0000035135,0.0000037963,0.0000004404,0.0000001502
0.0000035488,0.0000038333,0.0000004677,0.0000001757
0.0000035841,0.0000038704,0.0000004953,0.0000002016
0.0000036195,0.0000039076,0.0000005232,0.0000002278
0.0000036549,0.0000039448,0.0000005514,0.0000002542
0.0000036904,0.0000039820,0.0000005798,0.0000002810
0.0000037259,0.0000040193,0.0000006085,0.0000003080
0.0000037615,0.0000040565,0.0000006375,0.0000003353
0.0000037970,0.0000040938,0.0000006667,0.0000003628
0.0000038326,0.0000041311,0.0000006962,0.0000003906
0.0000038682,0.0000041684,0.0000007259,0.0000004187
0.0000039038,0.0000042057,0.0000007558,0.0000004469
0.0000039393,0.0000042430,0.0000007860,0.0000004754
0.0000039748,0.0000042802,0.0000008164,0.0000005041
0.0000040103,0.0000043174,0.0000008469,0.0000005331
0.0000040458,0.0000043545,0.0000008777,0.0000005622
0.0000040812,0.0000043916,0.0000009087,0.0000005915
0.0000041165,0.0000044287,0.0000009398,0.0000006210
0.0000041518,0.0000044656,0.0000009711,0.0000006507
0.0000041870,0.0000045025,0.0000010026,0.0000006805
0.0000042221,0.0000045393,0.0000010342,0.0000007106
0.0000042571,0.0000045760,0.0000010660,0.0000007407
0.0000042921,0.0000046126,0.0000010979,0.0000007710
0.0000043269,0.0000046490,0.0000011300,0.0000008015
0.0000043616,0.0000046854,0.0000011622,0.0000008321
0.0000043962,0.0000047216,0.0000011944,0.0000008628
0.0000044306,0.0000047577,0.0000012268,0.0000008936
0.0000044649,0.0000047936,0.0000012593,0.0000009245
0.0000044990,0.0000048294,0.0000012919,0.0000009555
0.0000045330,0.0000048650,0.0000013246,0.0000009866
0.0000045668,0.0000049004,0.0000013573,0.0000010178
0.0000046005,0.0000049357,0.0000013902,0.0000010491
0.0000046339,0.0000049707,0.0000014230,0.0000010804
0.0000046672,0.0000050056,0.0000014560,0.0000011118
0.0000047002,0.0000050402,0.0000014889,0.0000011432
0.0000047331,0.0000050747,0.0000015219,0.0000011747
0.0000047657,0.0000051089,0.0000015549,0.0000012062
0.0000047981,0.0000051429,0.0000015880,0.0000012377
0.0000048303,0.0000051766,0.0000016210,0.0000012693
0.0000048623,0.0000052101,0.0000016541,0.0000013008
0.0000048940,0.0000052434,0.0000016872,0.0000013324
0.0000049254,0.0000052764,0.0000017202,0.0000013639
0.0000049566,0.0000053091,0.0000017532,0.0000013955
0.0000049875,0.0000053415,0.0000017862,0.0000014270
0.0000050181,0.0000053737,0.0000018192,0.0000014585
0.0000050484,0.0000054055,0.0000018521,0.0000014899
0.0000050784,0.0000054371,0.0000018849,0.0000015213
0.0000051082,0.0000054684,0.0000019177,0.0000015527
0.0000051376,0.0000054993,0.0000019505,0.0000015840
0.0000051667,0.0000055299,0.0000019831,0.0000016152
0.0000051955,0.0000055602,0.0000020157,0.0000016463
0.0000052239,0.0000055901,0.0000020482,0.0000016774
0.0000052520,0.0000056197,0.0000020806,0.0000017084
0.0000052798,0.0000056490,0.0000021129,0.0000017393
0.0000053072,0.0000056779,0.0000021451,0.0000017700
0.0000053343,0.0000057064,0.0000021771,0.0000018007
0.0000053610,0.0000057345,0.0000022091,0.0000018312
0.0000053873,0.0000057623,0.0000022409,0.0000018617
0.0000054132,0.0000057897,0.0000022726,0.0000018920
0.0000054388,0.0000058167,0.0000023041,0.0000019221
0.0000054640,0.0000058433,0.0000023355,0.0000019521
0.0000054887,0.0000058695,0.0000023667,0.0000019820
0.0000055131,0.0000058953,0.0000023977,0.0000020117
0.0000055370,0.0000059206,0.0000024286,0.0000020412
0.0000055606,0.0000059456,0.0000024593,0.0000020706
0.0000055837,0.0000059701,0.0000024898,0.0000020997
0.0000056108,0.0000060430,0.0000025159,0.0000020800
0.0000056275,0.0000060053,0.0000025513,0.0000021701
0.0000056535,0.0000060801,0.0000025772,0.0000021472
0.0000056700,0.0000060426,0.0000026116,0.0000022357
0.0000056948,0.0000061184,0.0000026374,0.0000022105
0.0000057111,0.0000060818,0.0000026706,0.0000022968
0.0000057346,0.0000061576,0.0000026964,0.0000022702
0.0000057506,0.0000061213,0.0000027285,0.0000023547
0.0000057727,0.0000061966,0.0000027542,0.0000023273
0.0000057884,0.0000061603,0.0000027853,0.0000024105
0.0000058089,0.0000062347,0.0000028110,0.0000023824
0.0000058244,0.0000061980,0.0000028409,0.0000024645
0.0000058433,0.0000062713,0.0000028668,0.0000024360
0.0000058584,0.0000062342,0.0000028955,0.0000025171
0.0000058758,0.0000063063,0.0000029214,0.0000024883
0.0000058904,0.0000062686,0.0000029490,0.0000025683
0.0000059063,0.0000063394,0.0000029749,0.0000025393
0.0000059205,0.0000063011,0.0000030014,0.0000026184
0.0000059347,0.0000063705,0.0000030273,0.0000025892
0.0000059485,0.0000063316,0.0000030526,0.0000026672
0.0000059610,0.0000063996,0.0000030785,0.0000026378
0.0000059744,0.0000063600,0.0000031025,0.0000027148
0.0000059853,0.0000064265,0.0000031285,0.0000026852
0.0000059982,0.0000063863,0.0000031513,0.0000027612
0.0000060074,0.0000064513,0.0000031772,0.0000027314
0.0000060199,0.0000064105,0.0000031988,0.0000028064
0.0000060273,0.0000064740,0.0000032247,0.0000027764
0.0000060394,0.0000064325,0.0000032451,0.0000028503
0.0000060451,0.0000064944,0.0000032710,0.0000028201
0.0000060567,0.0000064522,0.0000032900,0.0000028929
0.0000060607,0.0000065126,0.0000033158,0.0000028625
0.0000060731,0.0000064691,0.0000033337,0.0000029336
0.0000060747,0.0000065283,0.0000033592,0.0000029034
0.0000060857,0.0000064847,0.0000033756,0.0000029739
0.0000060858,0.0000065421,0.0000034013,0.0000029433
0.0000060959,0.0000064980,0.0000034164,0.0000030129
0.0000060944,0.0000065536,0.0000034422,0.0000029818
0.0000061037,0.0000065090,0.0000034559,0.0000030504
0.0000061007,0.0000065628,0.0000034817,0.0000030190
0.0000061091,0.0000065178,0.0000034940,0.0000030866
0.0000061047,0.0000065697,0.0000035199,0.0000030548
0.0000061123,0.0000065242,0.0000035308,0.0000031214
0.0000061074,0.0000065738,0.0000035568,0.0000030886
0.0000061151,0.0000065275,0.0000035661,0.0000031539
0.0000061068,0.0000065763,0.0000035916,0.0000031218
0.0000061148,0.0000065288,0.0000035998,0.0000031854
0.0000061046,0.0000065762,0.0000036251,0.0000031532
0.0000061121,0.0000065281,0.0000036319,0.0000032156
0.0000061000,0.0000065737,0.0000036572,0.0000031832
0.0000061070,0.0000065250,0.0000036626,0.0000032443
0.0000060931,0.0000065690,0.0000036879,0.0000032118
0.0000060997,0.0000065197,0.0000036918,0.0000032717
0.0000060841,0.0000065613,0.0000037183,0.0000032383
0.0000060899,0.0000065119,0.0000037202,0.0000032973
0.0000060723,0.0000065523,0.0000037457,0.0000032642
0.0000060779,0.0000065020,0.0000037464,0.0000033219
0.0000060586,0.0000065409,0.0000037715,0.0000032887
0.0000060638,0.0000064899,0.0000037710,0.0000033449
0.0000060427,0.0000065273,0.0000037958,0.0000033117
0.0000060476,0.0000064756,0.0000037940,0.0000033665
0.0000060246,0.0000065114,0.0000038184,0.0000033333
0.0000060292,0.0000064590,0.0000038155,0.0000033866
0.0000060044,0.0000064933,0.0000038396,0.0000033534
0.0000060086,0.0000064401,0.0000038355,0.0000034053
0.0000059833,0.0000064722,0.0000038594,0.0000033714
0.0000059866,0.0000064188,0.0000038538,0.0000034223
0.0000059590,0.0000064488,0.0000038790,0.0000033878
0.0000059616,0.0000063953,0.0000038715,0.0000034379
0.0000059319,0.0000064239,0.0000038966,0.0000034035
0.0000059342,0.0000063699,0.0000038877,0.0000034523
0.0000059028,0.0000063968,0.0000039126,0.0000034178
0.0000059048,0.0000063423,0.0000039023,0.0000034652
0.0000058716,0.0000063676,0.0000039272,0.0000034307
0.0000058733,0.0000063126,0.0000039155,0.0000034768
0.0000058383,0.0000063363,0.0000039404,0.0000034422
0.0000058398,0.0000062809,0.0000039273,0.0000034870
0.0000058030,0.0000063029,0.0000039522,0.0000034524
0.0000058043,0.0000062470,0.0000039377,0.0000034959
0.0000057657,0.0000062675,0.0000039626,0.0000034612
0.0000057668,0.0000062112,0.0000039467,0.0000035034
0.0000057265,0.0000062301,0.0000039716,0.0000034687
0.0000057273,0.0000061734,0.0000039544,0.0000035096
0.0000056854,0.0000061907,0.0000039794,0.0000034749
0.0000056860,0.0000061336,0.0000039608,0.0000035146
0.0000056424,0.0000061494,0.0000039858,0.0000034799
0.0000056428,0.0000060920,0.0000039659,0.0000035183
0.0000055975,0.0000061062,0.0000039909,0.0000034836
0.0000055978,0.0000060484,0.0000039697,0.0000035207
0.0000055508,0.0000060611,0.0000039948,0.0000034861
0.0000055510,0.0000060031,0.0000039723,0.0000035220
0.0000055024,0.0000060143,0.0000039975,0.0000034874
0.0000055025,0.0000059560,0.0000039736,0.0000035221
0.0000054523,0.0000059657,0.0000039990,0.0000034876
0.0000054523,0.0000059071,0.0000039739,0.0000035210
0.0000054006,0.0000059154,0.0000039993,0.0000034866
0.0000054004,0.0000058566,0.0000039729,0.0000035189
0.0000053472,0.0000058634,0.0000039985,0.0000034846
0.0000053470,0.0000058044,0.0000039709,0.0000035157
0.0000052923,0.0000058098,0.0000039966,0.0000034815
0.0000052920,0.0000057507,0.0000039678,0.0000035114
0.0000052359,0.0000057546,0.0000039937,0.0000034774
0.0000052349,0.0000056967,0.0000039630,0.0000035063
0.0000051776,0.0000056987,0.0000039896,0.0000034723
0.0000051771,0.0000056398,0.0000039582,0.0000034999
0.0000051185,0.0000056405,0.0000039848,0.0000034661
0.0000051182,0.0000055812,0.0000039524,0.0000034927
0.0000050580,0.0000055808,0.0000039791,0.0000034592
0.0000050579,0.0000055212,0.0000039457,0.0000034847
0.0000049962,0.0000055197,0.0000039724,0.0000034516
0.0000049963,0.0000054598,0.0000039380,0.0000034760
0.0000049332,0.0000054572,0.0000039649,0.0000034432
0.0000049335,0.0000053972,0.0000039296,0.0000034665
0.0000048691,0.0000053935,0.0000039566,0.0000034340
0.0000048695,0.0000053334,0.0000039203,0.0000034564
0.0000048038,0.0000053287,0.0000039476,0.0000034242
0.0000048037,0.0000052699,0.0000039096,0.0000034456
0.0000047370,0.0000052636,0.0000039375,0.0000034136
0.0000047372,0.0000052048,0.0000038987,0.0000034339
0.0000046696,0.0000051972,0.0000039271,0.0000034021
0.0000046700,0.0000051385,0.0000038873,0.0000034215
0.0000046012,0.0000051296,0.0000039161,0.0000033901
0.0000046019,0.0000050712,0.0000038752,0.0000034087
0.0000045320,0.0000050612,0.0000039044,0.0000033777
0.0000045329,0.0000050030,0.0000038627,0.0000033953
0.0000044621,0.0000049919,0.0000038923,0.0000033647
0.0000044632,0.0000049339,0.0000038496,0.0000033816
0.0000043914,0.0000049218,0.0000038797,0.0000033514
0.0000043928,0.0000048642,0.0000038361,0.0000033674
0.0000043201,0.0000048509,0.0000038667,0.0000033377
0.0000043217,0.0000047937,0.0000038223,0.0000033529
0.0000042482,0.0000047795,0.0000038533,0.0000033236
0.0000042501,0.0000047227,0.0000038080,0.0000033381
0.0000041757,0.0000047074,0.0000038396,0.0000033093
0.0000041780,0.0000046511,0.0000037936,0.0000033230
0.0000041028,0.0000046349,0.0000038256,0.0000032948
0.0000041055,0.0000045790,0.0000037788,0.0000033078
0.0000040296,0.0000045619,0.0000038115,0.0000032801
0.0000040326,0.0000045065,0.0000037639,0.0000032924
0.0000039560,0.0000044885,0.0000037972,0.0000032653
0.0000039595,0.0000044337,0.0000037489,0.0000032769
0.0000038821,0.0000044149,0.0000037827,0.0000032504
0.0000038861,0.0000043606,0.0000037338,0.0000032614
0.0000038081,0.0000043410,0.0000037683,0.0000032355
0.0000038125,0.0000042874,0.0000037187,0.0000032459
0.0000037340,0.0000042669,0.0000037538,0.0000032206
0.0000037389,0.0000042140,0.0000037036,0.0000032304
0.0000036583,0.0000041936,0.0000037392,0.0000032066
0.0000036644,0.0000041408,0.0000036888,0.0000032153
0.0000035835,0.0000041195,0.0000037252,0.0000031921
0.0000035904,0.0000040674,0.0000036742,0.0000032002
0.0000035090,0.0000040455,0.0000037112,0.0000031777
0.0000035166,0.0000039940,0.0000036597,0.0000031853
0.0000034347,0.0000039715,0.0000036974,0.0000031636
0.0000034431,0.0000039208,0.0000036454,0.0000031706
0.0000033607,0.0000038978,0.0000036838,0.0000031497
0.0000033698,0.0000038478,0.0000036313,0.0000031563
0.0000032870,0.0000038242,0.0000036705,0.0000031362
0.0000032968,0.0000037750,0.0000036176,0.0000031423
0.0000032137,0.0000037510,0.0000036575,0.0000031231
0.0000032243,0.0000037026,0.0000036042,0.0000031288
0.0000031408,0.0000036782,0.0000036449,0.0000031104
0.0000031522,0.0000036307,0.0000035913,0.0000031157
0.0000030684,0.0000036058,0.0000036328,0.0000030982
0.0000030806,0.0000035592,0.0000035788,0.0000031031
0.0000029965,0.0000035339,0.0000036211,0.0000030865
0.0000030096,0.0000034882,0.0000035669,0.0000030911
0.0000029252,0.0000034626,0.0000036100,0.0000030755
0.0000029392,0.0000034178,0.0000035556,0.0000030797
0.0000028539,0.0000033920,0.0000035988,0.0000030664
0.0000028693,0.0000033479,0.0000035446,0.0000030697
0.0000027842,0.0000033218,0.0000035891,0.0000030568
0.0000028004,0.0000032787,0.0000035346,0.0000030598
0.0000027152,0.0000032524,0.0000035800,0.0000030478
0.0000027323,0.0000032105,0.0000035253,0.0000030505
0.0000026471,0.0000031840,0.0000035716,0.0000030395
0.0000026651,0.0000031431,0.0000035167,0.0000030421
0.0000025799,0.0000031165,0.0000035639,0.0000030319
0.0000025989,0.0000030767,0.0000035090,0.0000030344
0.0000025136,0.0000030499,0.0000035571,0.0000030252
0.0000025336,0.0000030112,0.0000035021,0.0000030275
0.0000024484,0.0000029844,0.0000035512,0.0000030195
0.0000024694,0.0000029468,0.0000034960,0.0000030216
0.0000023842,0.0000029198,0.0000035461,0.0000030146
0.0000024062,0.0000028834,0.0000034909,0.0000030167
0.0000023212,0.0000028564,0.0000035419,0.0000030107
0.0000023449,0.0000028211,0.0000034874,0.0000030114
0.0000022605,0.0000027942,0.0000035398,0.0000030055
0.0000022839,0.0000027606,0.0000034839,0.0000030085
0.0000021988,0.0000027337,0.0000035364,0.0000030055
0.0000022240,0.0000027007,0.0000034813,0.0000030075
0.0000021395,0.0000026736,0.0000035353,0.0000030049
0.0000021659,0.0000026419,0.0000034804,0.0000030066
0.0000020818,0.0000026150,0.0000035353,0.0000030050
0.0000021092,0.0000025846,0.0000034804,0.0000030069
0.0000020252,0.0000025579,0.0000035363,0.0000030066
0.0000020535,0.0000025288,0.0000034812,0.0000030090
0.0000019696,0.0000025021,0.0000035379,0.0000030102
0.0000019995,0.0000024741,0.0000034835,0.0000030118
0.0000019163,0.0000024476,0.0000035415,0.0000030136
0.0000019466,0.0000024211,0.0000034865,0.0000030166
0.0000018644,0.0000023946,0.0000035461,0.0000030186
0.0000018959,0.0000023695,0.0000034914,0.0000030213
0.0000018139,0.0000023433,0.0000035518,0.0000030247
0.0000018464,0.0000023196,0.0000034970,0.0000030280
0.0000017649,0.0000022936,0.0000035586,0.0000030324
0.0000017984,0.0000022712,0.0000035039,0.0000030361
0.0000017175,0.0000022453,0.0000035666,0.0000030415
0.0000017530,0.0000022242,0.0000035130,0.0000030438
0.0000016717,0.0000021990,0.0000035758,0.0000030517
0.0000017085,0.0000021791,0.0000035226,0.0000030540
0.0000016278,0.0000021543,0.0000035865,0.0000030632
0.0000016658,0.0000021357,0.0000035336,0.0000030656
0.0000015855,0.0000021111,0.0000035984,0.0000030760
0.0000016248,0.0000020939,0.0000035458,0.0000030786
0.0000015451,0.0000020697,0.0000036116,0.0000030902
0.0000015855,0.0000020539,0.0000035594,0.0000030929
0.0000015064,0.0000020301,0.0000036261,0.0000031057
0.0000015481,0.0000020156,0.0000035743,0.0000031086
0.0000014695,0.0000019922,0.0000036420,0.0000031226
0.0000015124,0.0000019791,0.0000035906,0.0000031257
0.0000014345,0.0000019561,0.0000036592,0.0000031409
0.0000014786,0.0000019443,0.0000036082,0.0000031441
0.0000014013,0.0000019218,0.0000036778,0.0000031606
0.0000014467,0.0000019114,0.0000036271,0.0000031640
0.0000013700,0.0000018893,0.0000036976,0.0000031817
0.0000014166,0.0000018804,0.0000036474,0.0000031852
0.0000013949,0.0000018651,0.0000036646,0.0000031977
0.0000013746,0.0000018497,0.0000036830,0.0000032093
0.0000013560,0.0000018352,0.0000036998,0.0000032215
0.0000013391,0.0000018213,0.0000037155,0.0000032340
0.0000013237,0.0000018080,0.0000037306,0.0000032468
0.0000013094,0.0000017953,0.0000037453,0.0000032599
0.0000012962,0.0000017830,0.0000037597,0.0000032734
0.0000012839,0.0000017713,0.0000037741,0.0000032871
0.0000012724,0.0000017600,0.0000037885,0.0000033012
0.0000012617,0.0000017492,0.0000038029,0.0000033156
0.0000012516,0.0000017390,0.0000038175,0.0000033303
0.0000012422,0.0000017292,0.0000038322,0.0000033454
0.0000012333,0.0000017199,0.0000038472,0.0000033608
0.0000012250,0.0000017111,0.0000038625,0.0000033765
0.0000012173,0.0000017027,0.0000038780,0.0000033925
0.0000012101,0.0000016949,0.0000038937,0.0000034089
0.0000012034,0.0000016875,0.0000039098,0.0000034256
0.0000011972,0.0000016806,0.0000039261,0.0000034426
0.0000011916,0.0000016742,0.0000039428,0.0000034600
0.0000011864,0.0000016682,0.0000039598,0.0000034777
0.0000011817,0.0000016627,0.0000039770,0.0000034957
0.0000011775,0.0000016578,0.0000039946,0.0000035140
0.0000011725,0.0000016539,0.0000040123,0.0000035333
0.0000011705,0.0000016482,0.0000040314,0.0000035516
0.0000011670,0.0000016453,0.0000040494,0.0000035714
0.0000011655,0.0000016413,0.0000040687,0.0000035906
0.0000011631,0.0000016394,0.0000040873,0.0000036109
0.0000011611,0.0000016373,0.0000041068,0.0000036314
0.0000011614,0.0000016342,0.0000041271,0.0000036513
0.0000011609,0.0000016335,0.0000041465,0.0000036721
0.0000011611,0.0000016329,0.0000041665,0.0000036931
0.0000011618,0.0000016324,0.0000041870,0.0000037144
0.0000011632,0.0000016322,0.0000042078,0.0000037358
0.0000011654,0.0000016324,0.0000042289,0.0000037574
0.0000011684,0.0000016329,0.0000042501,0.0000037792
0.0000011699,0.0000016350,0.0000042711,0.0000038023
0.0000011725,0.0000016376,0.0000042926,0.0000038250
0.0000011761,0.0000016407,0.0000043141,0.0000038475
0.0000011794,0.0000016436,0.0000043366,0.0000038709
0.0000011839,0.0000016472,0.0000043590,0.0000038939
0.0000011881,0.0000016508,0.0000043820,0.0000039178
0.0000011937,0.0000016553,0.0000044048,0.0000039413
0.0000011988,0.0000016596,0.0000044283,0.0000039658
0.0000012036,0.0000016658,0.0000044513,0.0000039905
0.0000012103,0.0000016704,0.0000044757,0.0000040150
0.0000012170,0.0000016758,0.0000045000,0.0000040399
0.0000012241,0.0000016817,0.0000045243,0.0000040651
0.0000012316,0.0000016881,0.0000045488,0.0000040906
0.0000012395,0.0000016950,0.0000045734,0.0000041162
0.0000012479,0.0000017023,0.0000045982,0.0000041420
0.0000012566,0.0000017100,0.0000046232,0.0000041680
0.0000012657,0.0000017181,0.0000046484,0.0000041941
0.0000012752,0.0000017266,0.0000046738,0.0000042205
0.0000012851,0.0000017354,0.0000046993,0.0000042470
0.0000012954,0.0000017447,0.0000047249,0.0000042737
0.0000013061,0.0000017543,0.0000047508,0.0000043005
0.0000013172,0.0000017643,0.0000047768,0.0000043275
0.0000013286,0.0000017746,0.0000048029,0.0000043547
0.0000013403,0.0000017853,0.0000048292,0.0000043820
0.0000013525,0.0000017963,0.0000048556,0.0000044094
0.0000013649,0.0000018077,0.0000048821,0.0000044370
0.0000013777,0.0000018195,0.0000049088,0.0000044647
0.0000013909,0.0000018315,0.0000049355,0.0000044925
0.0000014044,0.0000018439,0.0000049624,0.0000045204
0.0000014182,0.0000018566,0.0000049894,0.0000045485
0.0000014323,0.0000018696,0.0000050165,0.0000045766
0.0000014468,0.0000018829,0.0000050436,0.0000046048
0.0000014615,0.0000018966,0.0000050709,0.0000046332
0.0000014766,0.0000019105,0.0000050982,0.0000046616
0.0000014919,0.0000019247,0.0000051256,0.0000046901
0.0000015076,0.0000019392,0.0000051530,0.0000047186
0.0000015235,0.0000019540,0.0000051805,0.0000047472
0.0000015397,0.0000019690,0.0000052080,0.0000047759
0.0000015562,0.0000019843,0.0000052356,0.0000048046
0.0000015729,0.0000019999,0.0000052632,0.0000048333
0.0000015899,0.0000020157,0.0000052909,0.0000048621
0.0000016071,0.0000020318,0.0000053185,0.0000048909
0.0000016246,0.0000020481,0.0000053462,0.0000049197
0.0000016424,0.0000020646,0.0000053738,0.0000049485
0.0000016603,0.0000020813,0.0000054015,0.0000049773
0.0000016785,0.0000020983,0.0000054291,0.0000050061
0.0000016969,0.0000021155,0.0000054567,0.0000050349
0.0000017155,0.0000021329,0.0000054843,0.0000050637
0.0000017343,0.0000021505,0.0000055119,0.0000050924
0.0000017534,0.0000021683,0.0000055394,0.0000051211
0.0000017726,0.0000021862,0.0000055668,0.0000051498
0.0000017920,0.0000022044,0.0000055942,0.0000051784
0.0000018115,0.0000022227,0.0000056215,0.0000052069
0.0000018312,0.0000022411,0.0000056488,0.0000052354
0.0000018511,0.0000022598,0.0000056759,0.0000052638
0.0000018712,0.0000022785,0.0000057030,0.0000052921
0.0000018914,0.0000022974,0.0000057300,0.0000053203
0.0000019117,0.0000023165,0.0000057568,0.0000053484
0.0000019322,0.0000023357,0.0000057836,0.0000053764
0.0000019528,0.0000023550,0.0000058102,0.0000054043
0.0000019735,0.0000023744,0.0000058367,0.0000054321
0.0000019943,0.0000023939,0.0000058631,0.0000054597
0.0000020152,0.0000024135,0.0000058893,0.0000054872
0.0000020362,0.0000024332,0.0000059153,0.0000055146
0.0000020573,0.0000024529,0.0000059412,0.0000055418
0.0000020785,0.0000024728,0.0000059669,0.0000055688
0.0000020998,0.0000024927,0.0000059925,0.0000055957
0.0000021211,0.0000025127,0.0000060179,0.0000056224
0.0000021425,0.0000025327,0.0000060430,0.0000056489
0.0000021639,0.0000025528,0.0000060680,0.0000056752
0.0000021854,0.0000025729,0.0000060927,0.0000057013
0.0000022069,0.0000025930,0.0000061173,0.0000057272
0.0000022285,0.0000026132,0.0000061416,0.0000057528
0.0000022500,0.0000026334,0.0000061657,0.0000057783
0.0000022716,0.0000026536,0.0000061895,0.0000058035
0.0000022932,0.0000026737,0.0000062131,0.0000058285
0.0000023148,0.0000026939,0.0000062365,0.0000058532
0.0000023363,0.0000027141,0.0000062596,0.0000058777
0.0000023579,0.0000027342,0.0000062824,0.0000059019
0.0000023795,0.0000027544,0.0000063049,0.0000059258
0.0000024010,0.0000027744,0.0000063271,0.0000059495
0.0000024224,0.0000027945,0.0000063491,0.0000059728
0.0000024439,0.0000028145,0.0000063707,0.0000059959
0.0000024652,0.0000028344,0.0000063921,0.0000060187
0.0000024866,0.0000028543,0.0000064131,0.0000060412
0.0000025078,0.0000028741,0.0000064338,0.0000060633
0.0000025290,0.0000028938,0.0000064542,0.0000060852
0.0000025501,0.0000029134,0.0000064743,0.0000061067
0.0000025711,0.0000029329,0.0000064940,0.0000061278
0.0000025920,0.0000029524,0.0000065133,0.0000061487
0.0000026128,0.0000029717,0.0000065323,0.0000061691
0.0000026335,0.0000029909,0.0000065510,0.0000061893
0.0000026541,0.0000030100,0.0000065692,0.0000062090
0.0000026746,0.0000030290,0.0000065871,0.0000062284
0.0000026950,0.0000030478,0.0000066046,0.0000062474
0.0000027152,0.0000030665,0.0000066217,0.0000062660
0.0000027352,0.0000030851,0.0000066384,0.0000062843
0.0000027552,0.0000031035,0.0000066548,0.0000063021
0.0000027749,0.0000031217,0.0000066707,0.0000063195
0.0000027945,0.0000031398,0.0000066861,0.0000063365
0.0000028140,0.0000031577,0.0000067012,0.0000063531
0.0000028332,0.0000031754,0.0000067158,0.0000063693
0.0000028523,0.0000031929,0.0000067300,0.0000063851
0.0000028712,0.0000032102,0.0000067438,0.0000064004
0.0000028899,0.0000032274,0.0000067571,0.0000064153
0.0000029084,0.0000032443,0.0000067700,0.0000064297
0.0000029267,0.0000032610,0.0000067824,0.0000064437
0.0000029448,0.0000032775,0.0000067943,0.0000064573
0.0000029627,0.0000032938,0.0000068058,0.0000064703
0.0000029804,0.0000033099,0.0000068168,0.0000064829
0.0000029978,0.0000033257,0.0000068273,0.0000064950
0.0000030150,0.0000033413,0.0000068374,0.0000065067
0.0000030319,0.0000033567,0.0000068469,0.0000065179
0.0000030486,0.0000033718,0.0000068560,0.0000065285
0.0000030259,0.0000033727,0.0000069038,0.0000065527
0.0000030913,0.0000034050,0.0000068623,0.0000065450
0.0000030662,0.0000034046,0.0000069111,0.0000065687
0.0000031299,0.0000034355,0.0000068703,0.0000065602
0.0000031031,0.0000034343,0.0000069190,0.0000065835
0.0000031644,0.0000034638,0.0000068792,0.0000065747
0.0000031365,0.0000034620,0.0000069272,0.0000065971
0.0000031959,0.0000034903,0.0000068877,0.0000065878
0.0000031674,0.0000034881,0.0000069345,0.0000066092
0.0000032252,0.0000035153,0.0000068952,0.0000065991
0.0000031963,0.0000035128,0.0000069405,0.0000066194
0.0000032526,0.0000035390,0.0000069011,0.0000066086
0.0000032236,0.0000035360,0.0000069448,0.0000066275
0.0000032784,0.0000035612,0.0000069051,0.0000066160
0.0000032493,0.0000035579,0.0000069471,0.0000066336
0.0000033028,0.0000035821,0.0000069071,0.0000066212
0.0000032737,0.0000035785,0.0000069473,0.0000066376
0.0000033258,0.0000036017,0.0000069070,0.0000066243
0.0000032966,0.0000035978,0.0000069453,0.0000066393
0.0000033474,0.0000036200,0.0000069047,0.0000066252
0.0000033182,0.0000036157,0.0000069411,0.0000066387
0.0000033676,0.0000036368,0.0000069002,0.0000066238
0.0000033384,0.0000036322,0.0000069346,0.0000066359
0.0000033857,0.0000036538,0.0000068925,0.0000066202
0.0000033570,0.0000036481,0.0000069256,0.0000066306
0.0000034030,0.0000036684,0.0000068833,0.0000066140
0.0000033744,0.0000036622,0.0000069144,0.0000066229
0.0000034189,0.0000036814,0.0000068717,0.0000066055
0.0000033905,0.0000036747,0.0000069009,0.0000066129
0.0000034335,0.0000036929,0.0000068578,0.0000065947
0.0000034051,0.0000036858,0.0000068851,0.0000066007
0.0000034466,0.0000037029,0.0000068416,0.0000065817
0.0000034182,0.0000036953,0.0000068668,0.0000065862
0.0000034583,0.0000037113,0.0000068229,0.0000065663
0.0000034299,0.0000037033,0.0000068462,0.0000065694
0.0000034679,0.0000037184,0.0000068014,0.0000065496
0.0000034400,0.0000037097,0.0000068231,0.0000065507
0.0000034769,0.0000037236,0.0000067783,0.0000065292
0.0000034489,0.0000037147,0.0000067978,0.0000065290
0.0000034844,0.0000037275,0.0000067528,0.0000065064
0.0000034562,0.0000037182,0.0000067702,0.0000065049
0.0000034904,0.0000037300,0.0000067250,0.0000064811
0.0000034621,0.0000037204,0.0000067401,0.0000064783
0.0000034948,0.0000037310,0.0000066947,0.0000064534
0.0000034664,0.0000037210,0.0000067077,0.0000064493
0.0000034978,0.0000037305,0.0000066621,0.0000064233
0.0000034693,0.0000037202,0.0000066729,0.0000064180
0.0000034983,0.0000037286,0.0000066262,0.0000063926
0.0000034704,0.0000037176,0.0000066354,0.0000063852
0.0000034979,0.0000037248,0.0000065885,0.0000063588
0.0000034702,0.0000037134,0.0000065958,0.0000063498
0.0000034961,0.0000037195,0.0000065486,0.0000063225
0.0000034684,0.0000037077,0.0000065539,0.0000063119
0.0000034929,0.0000037127,0.0000065064,0.0000062839
0.0000034653,0.0000037005,0.0000065097,0.0000062718
0.0000034882,0.0000037039,0.0000064629,0.0000062424
0.0000034599,0.0000036928,0.0000064631,0.0000062292
0.0000034814,0.0000036952,0.0000064153,0.0000061995
0.0000034538,0.0000036829,0.0000064142,0.0000061844
0.0000034738,0.0000036843,0.0000063657,0.0000061542
0.0000034465,0.0000036711,0.0000063630,0.0000061374
0.0000034647,0.0000036718,0.0000063138,0.0000061068
0.0000034378,0.0000036579,0.0000063094,0.0000060884
0.0000034543,0.0000036578,0.0000062595,0.0000060572
0.0000034277,0.0000036432,0.0000062537,0.0000060371
0.0000034426,0.0000036413,0.0000062050,0.0000060046
0.0000034161,0.0000036263,0.0000061968,0.0000059834
0.0000034291,0.0000036238,0.0000061475,0.0000059505
0.0000034028,0.0000036085,0.0000061374,0.0000059279
0.0000034142,0.0000036051,0.0000060877,0.0000058944
0.0000033882,0.0000035893,0.0000060757,0.0000058703
0.0000033979,0.0000035850,0.0000060258,0.0000058362
0.0000033723,0.0000035688,0.0000060120,0.0000058107
0.0000033804,0.0000035636,0.0000059618,0.0000057760
0.0000033543,0.0000035486,0.0000059453,0.0000057492
0.0000033613,0.0000035417,0.0000058955,0.0000057135
0.0000033355,0.0000035262,0.0000058773,0.0000056852
0.0000033411,0.0000035181,0.0000058274,0.0000056490
0.0000033156,0.0000035023,0.0000058073,0.0000056194
0.0000033196,0.0000034932,0.0000057575,0.0000055827
0.0000032958,0.0000034765,0.0000057356,0.0000055511
0.0000032976,0.0000034668,0.0000056854,0.0000055143
0.0000032732,0.0000034503,0.0000056616,0.0000054819
0.0000032737,0.0000034394,0.0000056116,0.0000054445
0.0000032492,0.0000034230,0.0000055861,0.0000054109
0.0000032485,0.0000034109,0.0000055362,0.0000053729
0.0000032240,0.0000033944,0.0000055088,0.0000053382
0.0000032221,0.0000033812,0.0000054591,0.0000052995
0.0000031977,0.0000033647,0.0000054300,0.0000052637
0.0000031946,0.0000033504,0.0000053804,0.0000052245
0.0000031703,0.0000033339,0.0000053495,0.0000051877
0.0000031660,0.0000033185,0.0000053001,0.0000051479
0.0000031419,0.0000033021,0.0000052674,0.0000051100
0.0000031222,0.0000032847,0.0000052318,0.0000050701
0.0000031246,0.0000032688,0.0000051737,0.0000050297
0.0000031025,0.0000032512,0.0000051393,0.0000049890
0.0000030816,0.0000032343,0.0000051016,0.0000049484
0.0000030798,0.0000032166,0.0000050454,0.0000049085
0.0000030566,0.0000031998,0.0000050087,0.0000048668
0.0000030364,0.0000031822,0.0000049695,0.0000048243
0.0000030311,0.0000031624,0.0000049154,0.0000047845
0.0000030094,0.0000031453,0.0000048763,0.0000047408
0.0000029894,0.0000031279,0.0000048350,0.0000046969
0.0000029806,0.0000031063,0.0000047827,0.0000046575
0.0000029598,0.0000030894,0.0000047412,0.0000046122
0.0000029403,0.0000030719,0.0000046979,0.0000045669
0.0000029282,0.0000030485,0.0000046476,0.0000045279
0.0000029084,0.0000030318,0.0000046036,0.0000044810
0.0000028895,0.0000030144,0.0000045584,0.0000044344
0.0000028742,0.0000029892,0.0000045100,0.0000043958
0.0000028555,0.0000029728,0.0000044637,0.0000043474
0.0000028373,0.0000029554,0.0000044166,0.0000042995
0.0000028188,0.0000029286,0.0000043702,0.0000042615
0.0000028014,0.0000029126,0.0000043216,0.0000042116
0.0000027839,0.0000028953,0.0000042726,0.0000041625
0.0000027623,0.0000028669,0.0000042283,0.0000041251
0.0000027461,0.0000028512,0.0000041775,0.0000040739
0.0000027296,0.0000028342,0.0000041268,0.0000040237
0.0000027126,0.0000028162,0.0000040762,0.0000039742
0.0000026846,0.0000027813,0.0000040374,0.0000039425
0.0000026705,0.0000027667,0.0000039835,0.0000038891
0.0000026553,0.0000027504,0.0000039304,0.0000038371
0.0000026392,0.0000027328,0.0000038780,0.0000037863
0.0000026053,0.0000026951,0.0000038442,0.0000037564
0.0000025934,0.0000026816,0.0000037873,0.0000037012
0.0000025798,0.0000026660,0.0000037319,0.0000036478
0.0000025649,0.0000026489,0.0000036776,0.0000035958
0.0000025254,0.0000026086,0.0000036489,0.0000035679
0.0000025158,0.0000025961,0.0000035891,0.0000035111
0.0000025039,0.0000025812,0.0000035315,0.0000034565
0.0000024901,0.0000025647,0.0000034756,0.0000034036
0.0000024751,0.0000025468,0.0000034211,0.0000033520
0.0000024212,0.0000024968,0.0000034065,0.0000033336
0.0000024157,0.0000024865,0.0000033424,0.0000032743
0.0000024067,0.0000024734,0.0000032817,0.0000032178
0.0000023952,0.0000024581,0.0000032235,0.0000031634
0.0000023437,0.0000024126,0.0000032063,0.0000031404
0.0000023401,0.0000024030,0.0000031402,0.0000030804
0.0000023315,0.0000023910,0.0000030780,0.0000030240
0.0000023217,0.0000023758,0.0000030191,0.0000029690
0.0000022655,0.0000023281,0.0000030072,0.0000029481
0.0000022644,0.0000023195,0.0000029390,0.0000028873
0.0000022585,0.0000023080,0.0000028754,0.0000028301
0.0000022497,0.0000022938,0.0000028155,0.0000027751
0.0000021883,0.0000022441,0.0000028090,0.0000027569
0.0000021898,0.0000022369,0.0000027388,0.0000026954
0.0000021867,0.0000022260,0.0000026739,0.0000026373
0.0000021364,0.0000021857,0.0000026557,0.0000026109
0.0000021388,0.0000021787,0.0000025855,0.0000025497
0.0000021367,0.0000021679,0.0000025207,0.0000024918
0.0000020846,0.0000021266,0.0000025055,0.0000024668
0.0000020880,0.0000021204,0.0000024346,0.0000024060
0.0000020871,0.0000021101,0.0000023696,0.0000023482
0.0000020330,0.0000020677,0.0000023576,0.0000023247
0.0000020376,0.0000020628,0.0000022858,0.0000022642
0.0000020368,0.0000020540,0.0000022203,0.0000022073
0.0000019799,0.0000020110,0.0000022118,0.0000021856
0.0000019871,0.0000020067,0.0000021395,0.0000021245
0.0000019888,0.0000019973,0.0000020743,0.0000020675
0.0000019303,0.0000019540,0.0000020686,0.0000020474
0.0000019391,0.0000019515,0.0000019950,0.0000019866
0.0000019420,0.0000019439,0.0000019290,0.0000019299
0.0000018821,0.0000018998,0.0000019267,0.0000019112
0.0000018928,0.0000018990,0.0000018515,0.0000018510
0.0000018557,0.0000018688,0.0000018273,0.0000018189
0.0000018670,0.0000018673,0.0000017541,0.0000017588
0.0000018295,0.0000018370,0.0000017312,0.0000017278
0.0000018412,0.0000018360,0.0000016585,0.0000016686
0.0000018027,0.0000018057,0.0000016374,0.0000016389
0.0000018152,0.0000018051,0.0000015650,0.0000015801
0.0000017760,0.0000017750,0.0000015456,0.0000015516
0.0000017898,0.0000017751,0.0000014732,0.0000014933
0.0000017500,0.0000017452,0.0000014554,0.0000014658
0.0000017651,0.0000017459,0.0000013831,0.0000014078
0.0000017249,0.0000017164,0.0000013668,0.0000013815
0.0000017414,0.0000017179,0.0000012945,0.0000013239
0.0000017008,0.0000016888,0.0000012796,0.0000012985
0.0000017188,0.0000016911,0.0000012074,0.0000012413
0.0000016779,0.0000016625,0.0000011940,0.0000012170
0.0000016974,0.0000016655,0.0000011219,0.0000011602
0.0000016563,0.0000016374,0.0000011098,0.0000011370
0.0000016773,0.0000016413,0.0000010378,0.0000010806
0.0000016360,0.0000016137,0.0000010273,0.0000010586
0.0000016586,0.0000016185,0.0000009553,0.0000010026
0.0000016179,0.0000015900,0.0000009471,0.0000009815
0.0000016416,0.0000015963,0.0000008747,0.0000009264
0.0000016007,0.0000015684,0.0000008679,0.0000009065
0.0000016258,0.0000015758,0.0000007956,0.0000008520
0.0000015848,0.0000015485,0.0000007904,0.0000008332
0.0000016115,0.0000015570,0.0000007182,0.0000007792
0.0000015705,0.0000015302,0.0000007146,0.0000007616
0.0000015986,0.0000015404,0.0000006415,0.0000007088
0.0000015580,0.0000015137,0.0000006401,0.0000006918
0.0000015877,0.0000015244,0.0000005680,0.0000006392
0.0000015469,0.0000014985,0.0000005681,0.0000006237
0.0000015782,0.0000015101,0.0000004966,0.0000005715
0.0000015373,0.0000014850,0.0000004981,0.0000005574
0.0000015701,0.0000014975,0.0000004272,0.0000005058
0.0000015293,0.0000014731,0.0000004301,0.0000004930
0.0000015638,0.0000014866,0.0000003599,0.0000004420
0.0000015230,0.0000014630,0.0000003642,0.0000004307
0.0000015590,0.0000014774,0.0000002946,0.0000003802
0.0000015183,0.0000014546,0.0000003004,0.0000003703
0.0000015559,0.0000014709,0.0000002296,0.0000003215
0.0000015157,0.0000014482,0.0000002377,0.0000003124
0.0000015549,0.0000014655,0.0000001675,0.0000002642
0.0000015149,0.0000014434,0.0000001774,0.0000002563
0.0000015557,0.0000014618,0.0000001076,0.0000002090
0.0000015159,0.0000014404,0.0000001194,0.0000002024
0.0000015582,0.0000014599,0.0000000500,0.0000001559
0.0000015187,0.0000014392,0.0000000636,0.0000001506
0.0000015626,0.0000014598,-0.0000000053,0.0000001050
0.0000015232,0.0000014399,0.0000000100,0.0000001010
0.0000015694,0.0000014614,-0.0000000577,0.0000000551
0.0000015298,0.0000014426,-0.0000000411,0.0000000530
0.0000015771,0.0000014653,-0.0000001088,0.0000000090
0.0000015380,0.0000014470,-0.0000000902,0.0000000080
0.0000015867,0.0000014709,-0.0000001575,-0.0000000347
0.0000015480,0.0000014532,-0.0000001370,-0.0000000346
0.0000015981,0.0000014782,-0.0000002039,-0.0000000760
0.0000015599,0.0000014612,-0.0000001814,-0.0000000747
0.0000016115,0.0000014873,-0.0000002479,-0.0000001149
0.0000015738,0.0000014711,-0.0000002235,-0.0000001125
0.0000016267,0.0000014983,-0.0000002895,-0.0000001514
0.0000015895,0.0000014828,-0.0000002632,-0.0000001479
0.0000016027,0.0000014919,-0.0000002877,-0.0000001663
0.0000016174,0.0000015013,-0.0000003108,-0.0000001857
0.0000016312,0.0000015108,-0.0000003325,-0.0000002037
0.0000016444,0.0000015204,-0.0000003527,-0.0000002204
0.0000016573,0.0000015301,-0.0000003716,-0.0000002362
0.0000016701,0.0000015400,-0.0000003893,-0.0000002510
0.0000016829,0.0000015502,-0.0000004060,-0.0000002651
0.0000016959,0.0000015607,-0.0000004218,-0.0000002783
0.0000017092,0.0000015716,-0.0000004367,-0.0000002908
0.0000017227,0.0000015828,-0.0000004508,-0.0000003027
0.0000017365,0.0000015945,-0.0000004642,-0.0000003138
0.0000017508,0.0000016065,-0.0000004768,-0.0000003243
0.0000017653,0.0000016190,-0.0000004888,-0.0000003341
0.0000017803,0.0000016319,-0.0000005001,-0.0000003433
0.0000017957,0.0000016453,-0.0000005107,-0.0000003518
0.0000018116,0.0000016591,-0.0000005206,-0.0000003597
0.0000018279,0.0000016733,-0.0000005299,-0.0000003670
0.0000018446,0.0000016880,-0.0000005386,-0.0000003736
0.0000018617,0.0000017032,-0.0000005467,-0.0000003797
0.0000018793,0.0000017188,-0.0000005541,-0.0000003851
0.0000018974,0.0000017349,-0.0000005609,-0.0000003899
0.0000019158,0.0000017514,-0.0000005671,-0.0000003941
0.0000019355,0.0000017682,-0.0000005719,-0.0000003990
0.0000019544,0.0000017859,-0.0000005774,-0.0000004013
0.0000019744,0.0000018038,-0.0000005815,-0.0000004042
0.0000019942,0.0000018229,-0.0000005868,-0.0000004048
0.0000020152,0.0000018411,-0.0000005893,-0.0000004064
0.0000020366,0.0000018604,-0.0000005921,-0.0000004071
0.0000020585,0.0000018797,-0.0000005933,-0.0000004079
0.0000020806,0.0000018999,-0.0000005946,-0.0000004077
0.0000021029,0.0000019208,-0.0000005957,-0.0000004064
0.0000021256,0.0000019421,-0.0000005967,-0.0000004041
0.0000021486,0.0000019629,-0.0000005958,-0.0000004014
0.0000021716,0.0000019843,-0.0000005947,-0.0000003974
0.0000021958,0.0000020057,-0.0000005921,-0.0000003943
0.0000022196,0.0000020284,-0.0000005905,-0.0000003889
0.0000022448,0.0000020508,-0.0000005868,-0.0000003847
0.0000022693,0.0000020743,-0.0000005842,-0.0000003780
0.0000022955,0.0000020973,-0.0000005790,-0.0000003732
0.0000023214,0.0000021217,-0.0000005747,-0.0000003667
0.0000023480,0.0000021456,-0.0000005683,-0.0000003604
0.0000023745,0.0000021711,-0.0000005633,-0.0000003523
0.0000024016,0.0000021965,-0.0000005574,-0.0000003441
0.0000024292,0.0000022222,-0.0000005507,-0.0000003353
0.0000024572,0.0000022482,-0.0000005435,-0.0000003261
0.0000024855,0.0000022746,-0.0000005356,-0.0000003162
0.0000025141,0.0000023013,-0.0000005272,-0.0000003059
0.0000025431,0.0000023283,-0.0000005182,-0.0000002950
0.0000025723,0.0000023557,-0.0000005087,-0.0000002835
0.0000026020,0.0000023834,-0.0000004986,-0.0000002716
0.0000026319,0.0000024114,-0.0000004880,-0.0000002590
0.0000026622,0.0000024398,-0.0000004768,-0.0000002460
0.0000026927,0.0000024685,-0.0000004652,-0.0000002325
0.0000027236,0.0000024974,-0.0000004530,-0.0000002184
0.0000027548,0.0000025267,-0.0000004403,-0.0000002038
0.0000027862,0.0000025563,-0.0000004270,-0.0000001888
0.0000028180,0.0000025862,-0.0000004133,-0.0000001732
0.0000028500,0.0000026164,-0.0000003991,-0.0000001571
0.0000028824,0.0000026468,-0.0000003844,-0.0000001406
0.0000029150,0.0000026775,-0.0000003692,-0.0000001235
0.0000029478,0.0000027085,-0.0000003536,-0.0000001060
0.0000029809,0.0000027398,-0.0000003374,-0.0000000881
0.0000030143,0.0000027713,-0.0000003208,-0.0000000696
0.0000030479,0.0000028030,-0.0000003037,-0.0000000507
0.0000030817,0.0000028350,-0.0000002862,-0.0000000314
0.0000031158,0.0000028672,-0.0000002682,-0.0000000116
0.0000031500,0.0000028997,-0.0000002498,0.0000000087
0.0000031845,0.0000029323,-0.0000002309,0.0000000293
0.0000032192,0.0000029652,-0.0000002117,0.0000000504
0.0000032542,0.0000029983,-0.0000001919,0.0000000719
0.0000032892,0.0000030316,-0.0000001718,0.0000000939
0.0000033245,0.0000030650,-0.0000001513,0.0000001162
0.0000033600,0.0000030987,-0.0000001303,0.0000001389
0.0000033956,0.0000031325,-0.0000001090,0.0000001621
0.0000034314,0.0000031664,-0.0000000872,0.0000001856
0.0000034673,0.0000032006,-0.0000000651,0.0000002095
0.0000035034,0.0000032348,-0.0000000426,0.0000002337
0.0000035396,0.0000032693,-0.0000000197,0.0000002584
0.0000035760,0.0000033038,0.0000000035,0.0000002834
0.0000036124,0.0000033385,0.0000000271,0.0000003087
0.0000036490,0.0000033733,0.0000000510,0.0000003344
0.0000036857,0.0000034082,0.0000000753,0.0000003604
0.0000037225,0.0000034432,0.0000000999,0.0000003868
0.0000037594,0.0000034783,0.0000001249,0.0000004134
0.0000037963,0.0000035135,0.0000001501,0.0000004404
0.0000038333,0.0000035488,0.0000001757,0.0000004677
0.0000038704,0.0000035841,0.0000002016,0.0000004953
0.0000039076,0.0000036195,0.0000002278,0.0000005232
0.0000039448,0.0000036549,0.0000002542,0.0000005514
0.0000039820,0.0000036904,0.0000002810,0.0000005798
0.0000040192,0.0000037259,0.0000003080,0.0000006085
0.0000040565,0.0000037615,0.0000003353,0.0000006375
0.0000040938,0.0000037970,0.0000003628,0.0000006667
0.0000041311,0.0000038326,0.0000003906,0.0000006962
0.0000041684,0.0000038682,0.0000004186,0.0000007259
0.0000042057,0.0000039037,0.0000004469,0.0000007558
0.0000042430,0.0000039393,0.0000004754,0.0000007860
0.0000042802,0.0000039748,0.0000005041,0.0000008164
0.0000043174,0.0000040103,0.0000005330,0.0000008469
0.0000043545,0.0000040458,0.0000005622,0.0000008777
0.0000043916,0.0000040812,0.0000005915,0.0000009087
0.0000044286,0.0000041165,0.0000006210,0.0000009398
0.0000044656,0.0000041518,0.0000006507,0.0000009711
0.0000045025,0.0000041870,0.0000006805,0.0000010026
0.0000045393,0.0000042221,0.0000007105,0.0000010342
0.0000045760,0.0000042571,0.0000007407,0.0000010660
0.0000046125,0.0000042921,0.0000007710,0.0000010979
0.0000046490,0.0000043269,0.0000008015,0.0000011300
0.0000046854,0.0000043616,0.0000008321,0.0000011621
0.0000047216,0.0000043961,0.0000008628,0.0000011944
0.0000047577,0.0000044306,0.0000008936,0.0000012268
0.0000047936,0.0000044649,0.0000009245,0.0000012593
0.0000048294,0.0000044990,0.0000009555,0.0000012919
0.0000048650,0.0000045330,0.0000009866,0.0000013246
0.0000049004,0.0000045668,0.0000010178,0.0000013573
0.0000049356,0.0000046005,0.0000010491,0.0000013902
0.0000049707,0.0000046339,0.0000010804,0.0000014230
0.0000050056,0.0000046672,0.0000011118,0.0000014559
0.0000050402,0.0000047002,0.0000011432,0.0000014889
0.0000050747,0.0000047331,0.0000011747,0.0000015219
0.0000051089,0.0000047657,0.0000012062,0.0000015549
0.0000051429,0.0000047981,0.0000012377,0.0000015880
0.0000051766,0.0000048303,0.0000012693,0.0000016210
0.0000052101,0.0000048623,0.0000013008,0.0000016541
0.0000052434,0.0000048939,0.0000013324,0.0000016872
0.0000052764,0.0000049254,0.0000013639,0.0000017202
0.0000053091,0.0000049565,0.0000013955,0.0000017532
0.0000053415,0.0000049874,0.0000014270,0.0000017862
0.0000053737,0.0000050181,0.0000014585,0.0000018192
0.0000054055,0.0000050484,0.0000014899,0.0000018521
0.0000054371,0.0000050784,0.0000015213,0.0000018849
0.0000054683,0.0000051082,0.0000015527,0.0000019177
0.0000054993,0.0000051376,0.0000015840,0.0000019505
0.0000055299,0.0000051667,0.0000016152,0.0000019831
0.0000055602,0.0000051955,0.0000016463,0.0000020157
0.0000055901,0.0000052239,0.0000016774,0.0000020482
0.0000056197,0.0000052520,0.0000017084,0.0000020806
0.0000056490,0.0000052798,0.0000017393,0.0000021129
0.0000056779,0.0000053072,0.0000017700,0.0000021451
0.0000057064,0.0000053343,0.0000018007,0.0000021771
0.0000057345,0.0000053610,0.0000018312,0.0000022091
0.0000057623,0.0000053873,0.0000018617,0.0000022409
0.0000057897,0.0000054132,0.0000018920,0.0000022725
0.0000058167,0.0000054388,0.0000019221,0.0000023041
0.0000058433,0.0000054639,0.0000019521,0.0000023354
0.0000058695,0.0000054887,0.0000019820,0.0000023667
0.0000058953,0.0000055131,0.0000020117,0.0000023977
0.0000059206,0.0000055370,0.0000020412,0.0000024286
0.0000059456,0.0000055606,0.0000020706,0.0000024593
0.0000059701,0.0000055837,0.0000020997,0.0000024898
0.0000060430,0.0000056108,0.0000020800,0.0000025159
0.0000060053,0.0000056275,0.0000021701,0.0000025513
0.0000060801,0.0000056535,0.0000021472,0.0000025772
0.0000060426,0.0000056700,0.0000022357,0.0000026116
0.0000061184,0.0000056948,0.0000022105,0.0000026374
0.0000060818,0.0000057111,0.0000022968,0.0000026706
0.0000061576,0.0000057346,0.0000022702,0.0000026964
0.0000061213,0.0000057506,0.0000023547,0.0000027285
0.0000061966,0.0000057727,0.0000023273,0.0000027542
0.0000061603,0.0000057884,0.0000024105,0.0000027853
0.0000062347,0.0000058089,0.0000023824,0.0000028110
0.0000061980,0.0000058243,0.0000024645,0.0000028409
0.0000062713,0.0000058433,0.0000024360,0.0000028668
0.0000062342,0.0000058584,0.0000025171,0.0000028955
0.0000063063,0.0000058758,0.0000024883,0.0000029214
0.0000062686,0.0000058904,0.0000025683,0.0000029490
0.0000063394,0.0000059062,0.0000025393,0.0000029749
0.0000063011,0.0000059205,0.0000026184,0.0000030014
0.0000063705,0.0000059347,0.0000025891,0.0000030273
0.0000063316,0.0000059485,0.0000026672,0.0000030525
0.0000063996,0.0000059610,0.0000026378,0.0000030785
0.0000063600,0.0000059744,0.0000027148,0.0000031025
0.0000064265,0.0000059853,0.0000026852,0.0000031285
0.0000063863,0.0000059982,0.0000027612,0.0000031513
0.0000064513,0.0000060074,0.0000027314,0.0000031772
0.0000064105,0.0000060199,0.0000028064,0.0000031988
0.0000064740,0.0000060273,0.0000027764,0.0000032247
0.0000064325,0.0000060394,0.0000028503,0.0000032451
0.0000064944,0.0000060451,0.0000028201,0.0000032710
0.0000064522,0.0000060567,0.0000028929,0.0000032900
0.0000065126,0.0000060607,0.0000028625,0.0000033158
0.0000064691,0.0000060731,0.0000029336,0.0000033337
0.0000065283,0.0000060747,0.0000029034,0.0000033592
0.0000064847,0.0000060857,0.0000029739,0.0000033756
0.0000065421,0.0000060858,0.0000029433,0.0000034013
0.0000064980,0.0000060959,0.0000030129,0.0000034164
0.0000065536,0.0000060944,0.0000029818,0.0000034422
0.0000065090,0.0000061037,0.0000030504,0.0000034559
0.0000065628,0.0000061007,0.0000030190,0.0000034817
0.0000065178,0.0000061091,0.0000030866,0.0000034940
0.0000065697,0.0000061047,0.0000030548,0.0000035199
0.0000065242,0.0000061123,0.0000031214,0.0000035308
0.0000065738,0.0000061074,0.0000030886,0.0000035568
0.0000065275,0.0000061151,0.0000031539,0.0000035661
0.0000065763,0.0000061068,0.0000031218,0.0000035916
0.0000065288,0.0000061148,0.0000031854,0.0000035998
0.0000065762,0.0000061046,0.0000031532,0.0000036251
0.0000065281,0.0000061121,0.0000032156,0.0000036319
0.0000065737,0.0000061000,0.0000031832,0.0000036572
0.0000065250,0.0000061070,0.0000032443,0.0000036626
0.0000065690,0.0000060931,0.0000032118,0.0000036879
0.0000065197,0.0000060997,0.0000032717,0.0000036918
0.0000065613,0.0000060841,0.0000032383,0.0000037183
0.0000065119,0.0000060898,0.0000032973,0.0000037202
0.0000065523,0.0000060723,0.0000032642,0.0000037457
0.0000065020,0.0000060779,0.0000033219,0.0000037464
0.0000065409,0.0000060586,0.0000032887,0.0000037715
0.0000064899,0.0000060638,0.0000033449,0.0000037710
0.0000065273,0.0000060427,0.0000033117,0.0000037958
0.0000064756,0.0000060476,0.0000033665,0.0000037940
0.0000065114,0.0000060246,0.0000033333,0.0000038184
0.0000064590,0.0000060292,0.0000033866,0.0000038155
0.0000064933,0.0000060044,0.0000033534,0.0000038396
0.0000064401,0.0000060086,0.0000034053,0.0000038355
0.0000064722,0.0000059833,0.0000033714,0.0000038594
0.0000064188,0.0000059866,0.0000034223,0.0000038538
0.0000064488,0.0000059590,0.0000033878,0.0000038790
0.0000063953,0.0000059616,0.0000034379,0.0000038715
0.0000064239,0.0000059319,0.0000034035,0.0000038966
0.0000063699,0.0000059342,0.0000034523,0.0000038877
0.0000063968,0.0000059028,0.0000034178,0.0000039126
0.0000063423,0.0000059048,0.0000034652,0.0000039023
0.0000063676,0.0000058716,0.0000034307,0.0000039272
0.0000063126,0.0000058733,0.0000034768,0.0000039155
0.0000063363,0.0000058383,0.0000034422,0.0000039404
0.0000062809,0.0000058398,0.0000034870,0.0000039273
0.0000063029,0.0000058030,0.0000034524,0.0000039522
0.0000062470,0.0000058043,0.0000034959,0.0000039377
0.0000062675,0.0000057657,0.0000034612,0.0000039626
0.0000062112,0.0000057668,0.0000035034,0.0000039467
0.0000062301,0.0000057265,0.0000034687,0.0000039716
0.0000061734,0.0000057273,0.0000035096,0.0000039544
0.0000061907,0.0000056854,0.0000034749,0.0000039794
0.0000061336,0.0000056860,0.0000035146,0.0000039608
0.0000061494,0.0000056424,0.0000034799,0.0000039858
0.0000060920,0.0000056428,0.0000035183,0.0000039659
0.0000061062,0.0000055975,0.0000034836,0.0000039909
0.0000060484,0.0000055978,0.0000035207,0.0000039697
0.0000060612,0.0000055508,0.0000034861,0.0000039948
0.0000060031,0.0000055510,0.0000035220,0.0000039723
0.0000060143,0.0000055025,0.0000034874,0.0000039975
0.0000059560,0.0000055025,0.0000035221,0.0000039736
0.0000059657,0.0000054523,0.0000034876,0.0000039990
0.0000059071,0.0000054523,0.0000035210,0.0000039739
0.0000059154,0.0000054006,0.0000034866,0.0000039993
0.0000058566,0.0000054004,0.0000035189,0.0000039729
0.0000058634,0.0000053472,0.0000034846,0.0000039985
0.0000058044,0.0000053470,0.0000035157,0.0000039709
0.0000058098,0.0000052923,0.0000034815,0.0000039966
0.0000057507,0.0000052920,0.0000035114,0.0000039678
0.0000057546,0.0000052359,0.0000034774,0.0000039937
0.0000056967,0.0000052349,0.0000035063,0.0000039630
0.0000056987,0.0000051776,0.0000034723,0.0000039896
0.0000056398,0.0000051771,0.0000034999,0.0000039582
0.0000056405,0.0000051185,0.0000034661,0.0000039848
0.0000055812,0.0000051182,0.0000034927,0.0000039524
0.0000055808,0.0000050580,0.0000034592,0.0000039791
0.0000055212,0.0000050579,0.0000034847,0.0000039457
0.0000055197,0.0000049962,0.0000034516,0.0000039724
0.0000054598,0.0000049963,0.0000034760,0.0000039380
0.0000054572,0.0000049332,0.0000034432,0.0000039649
0.0000053972,0.0000049335,0.0000034665,0.0000039296
0.0000053935,0.0000048691,0.0000034340,0.0000039566
0.0000053334,0.0000048695,0.0000034564,0.0000039203
0.0000053287,0.0000048038,0.0000034242,0.0000039476
0.0000052699,0.0000048037,0.0000034456,0.0000039096
0.0000052636,0.0000047370,0.0000034136,0.0000039376
0.0000052048,0.0000047372,0.0000034339,0.0000038987
0.0000051972,0.0000046696,0.0000034021,0.0000039271
0.0000051385,0.0000046700,0.0000034215,0.0000038873
0.0000051296,0.0000046012,0.0000033901,0.0000039161
0.0000050712,0.0000046019,0.0000034087,0.0000038752
0.0000050612,0.0000045321,0.0000033777,0.0000039044
0.0000050030,0.0000045329,0.0000033953,0.0000038627
0.0000049919,0.0000044621,0.0000033647,0.0000038923
0.0000049339,0.0000044632,0.0000033816,0.0000038496
0.0000049218,0.0000043914,0.0000033514,0.0000038797
0.0000048642,0.0000043928,0.0000033674,0.0000038361
0.0000048509,0.0000043201,0.0000033377,0.0000038667
0.0000047937,0.0000043217,0.0000033529,0.0000038223
0.0000047795,0.0000042482,0.0000033237,0.0000038533
0.0000047227,0.0000042501,0.0000033381,0.0000038080
0.0000047074,0.0000041757,0.0000033093,0.0000038396
0.0000046511,0.0000041780,0.0000033230,0.0000037936
0.0000046349,0.0000041028,0.0000032948,0.0000038256
0.0000045790,0.0000041055,0.0000033078,0.0000037788
0.0000045619,0.0000040296,0.0000032801,0.0000038115
0.0000045065,0.0000040326,0.0000032924,0.0000037639
0.0000044885,0.0000039560,0.0000032653,0.0000037972
0.0000044337,0.0000039595,0.0000032769,0.0000037489
0.0000044149,0.0000038821,0.0000032504,0.0000037827
0.0000043607,0.0000038861,0.0000032614,0.0000037338
0.0000043410,0.0000038081,0.0000032355,0.0000037683
0.0000042874,0.0000038125,0.0000032459,0.0000037187
0.0000042669,0.0000037340,0.0000032206,0.0000037538
0.0000042140,0.0000037389,0.0000032304,0.0000037036
0.0000041936,0.0000036583,0.0000032066,0.0000037392
0.0000041408,0.0000036644,0.0000032153,0.0000036888
0.0000041195,0.0000035835,0.0000031921,0.0000037252
0.0000040674,0.0000035904,0.0000032002,0.0000036742
0.0000040455,0.0000035090,0.0000031777,0.0000037112
0.0000039940,0.0000035166,0.0000031853,0.0000036597
0.0000039715,0.0000034347,0.0000031636,0.0000036974
0.0000039208,0.0000034431,0.0000031706,0.0000036454
0.0000038978,0.0000033607,0.0000031497,0.0000036838
0.0000038478,0.0000033698,0.0000031563,0.0000036313
0.0000038242,0.0000032870,0.0000031362,0.0000036705
0.0000037750,0.0000032968,0.0000031423,0.0000036176
0.0000037510,0.0000032137,0.0000031231,0.0000036575
0.0000037026,0.0000032243,0.0000031288,0.0000036042
0.0000036782,0.0000031408,0.0000031104,0.0000036449
0.0000036307,0.0000031522,0.0000031157,0.0000035913
0.0000036058,0.0000030684,0.0000030982,0.0000036328
0.0000035592,0.0000030806,0.0000031031,0.0000035788
0.0000035339,0.0000029965,0.0000030865,0.0000036211
0.0000034882,0.0000030096,0.0000030911,0.0000035669
0.0000034626,0.0000029252,0.0000030755,0.0000036100
0.0000034178,0.0000029392,0.0000030797,0.0000035556
0.0000033921,0.0000028539,0.0000030664,0.0000035988
0.0000033479,0.0000028693,0.0000030697,0.0000035446
0.0000033218,0.0000027842,0.0000030568,0.0000035891
0.0000032787,0.0000028004,0.0000030598,0.0000035346
0.0000032525,0.0000027152,0.0000030478,0.0000035800
0.0000032105,0.0000027323,0.0000030506,0.0000035253
0.0000031840,0.0000026471,0.0000030395,0.0000035716
0.0000031431,0.0000026651,0.0000030421,0.0000035167
0.0000031165,0.0000025799,0.0000030319,0.0000035639
0.0000030767,0.0000025989,0.0000030344,0.0000035090
0.0000030499,0.0000025136,0.0000030253,0.0000035571
0.0000030112,0.0000025336,0.0000030275,0.0000035021
0.0000029844,0.0000024484,0.0000030195,0.0000035512
0.0000029468,0.0000024694,0.0000030216,0.0000034960
0.0000029198,0.0000023843,0.0000030146,0.0000035461
0.0000028834,0.0000024063,0.0000030167,0.0000034909
0.0000028564,0.0000023212,0.0000030107,0.0000035419
0.0000028211,0.0000023450,0.0000030114,0.0000034874
0.0000027942,0.0000022605,0.0000030055,0.0000035398
0.0000027606,0.0000022839,0.0000030085,0.0000034839
0.0000027337,0.0000021988,0.0000030055,0.0000035364
0.0000027007,0.0000022240,0.0000030075,0.0000034813
0.0000026736,0.0000021396,0.0000030049,0.0000035353
0.0000026419,0.0000021660,0.0000030067,0.0000034804
0.0000026150,0.0000020818,0.0000030050,0.0000035353
0.0000025846,0.0000021092,0.0000030069,0.0000034804
0.0000025579,0.0000020252,0.0000030066,0.0000035363
0.0000025288,0.0000020535,0.0000030090,0.0000034812
0.0000025021,0.0000019697,0.0000030102,0.0000035379
0.0000024741,0.0000019996,0.0000030118,0.0000034835
0.0000024476,0.0000019163,0.0000030136,0.0000035415
0.0000024211,0.0000019466,0.0000030166,0.0000034865
0.0000023946,0.0000018644,0.0000030186,0.0000035461
0.0000023695,0.0000018959,0.0000030213,0.0000034914
0.0000023433,0.0000018139,0.0000030247,0.0000035518
0.0000023196,0.0000018464,0.0000030280,0.0000034970
0.0000022936,0.0000017649,0.0000030324,0.0000035586
0.0000022712,0.0000017984,0.0000030361,0.0000035039
0.0000022453,0.0000017175,0.0000030415,0.0000035666
0.0000022242,0.0000017530,0.0000030438,0.0000035130
0.0000021990,0.0000016717,0.0000030517,0.0000035758
0.0000021791,0.0000017085,0.0000030540,0.0000035226
0.0000021543,0.0000016278,0.0000030632,0.0000035865
0.0000021357,0.0000016658,0.0000030656,0.0000035336
0.0000021111,0.0000015855,0.0000030760,0.0000035984
0.0000020939,0.0000016248,0.0000030786,0.0000035458
0.0000020697,0.0000015451,0.0000030902,0.0000036116
0.0000020539,0.0000015855,0.0000030929,0.0000035594
0.0000020301,0.0000015064,0.0000031057,0.0000036261
0.0000020156,0.0000015481,0.0000031086,0.0000035743
0.0000019922,0.0000014695,0.0000031226,0.0000036420
0.0000019791,0.0000015124,0.0000031257,0.0000035906
0.0000019561,0.0000014345,0.0000031409,0.0000036592
0.0000019443,0.0000014786,0.0000031441,0.0000036082
0.0000019218,0.0000014013,0.0000031606,0.0000036778
0.0000019114,0.0000014467,0.0000031640,0.0000036271
0.0000018894,0.0000013700,0.0000031817,0.0000036977
0.0000018804,0.0000014166,0.0000031852,0.0000036474
0.0000018651,0.0000013949,0.0000031977,0.0000036646
0.0000018497,0.0000013746,0.0000032093,0.0000036830
0.0000018352,0.0000013560,0.0000032215,0.0000036998
0.0000018213,0.0000013391,0.0000032340,0.0000037155
0.0000018080,0.0000013237,0.0000032468,0.0000037306
0.0000017953,0.0000013094,0.0000032599,0.0000037453
0.0000017830,0.0000012962,0.0000032734,0.0000037597
0.0000017713,0.0000012839,0.0000032871,0.0000037741
0.0000017600,0.0000012724,0.0000033012,0.0000037885
0.0000017492,0.0000012617,0.0000033156,0.0000038029
0.0000017390,0.0000012516,0.0000033303,0.0000038175
0.0000017292,0.0000012422,0.0000033454,0.0000038322
0.0000017199,0.0000012333,0.0000033608,0.0000038472
0.0000017111,0.0000012250,0.0000033765,0.0000038625
0.0000017027,0.0000012173,0.0000033925,0.0000038780
0.0000016949,0.0000012101,0.0000034089,0.0000038937
0.0000016875,0.0000012034,0.0000034256,0.0000039098
0.0000016806,0.0000011972,0.0000034426,0.0000039262
0.0000016742,0.0000011916,0.0000034600,0.0000039428
0.0000016682,0.0000011864,0.0000034777,0.0000039598
0.0000016628,0.0000011817,0.0000034957,0.0000039770
0.0000016578,0.0000011775,0.0000035140,0.0000039946
0.0000016539,0.0000011725,0.0000035333,0.0000040123
0.0000016482,0.0000011706,0.0000035517,0.0000040315
0.0000016453,0.0000011670,0.0000035714,0.0000040495
0.0000016413,0.0000011655,0.0000035906,0.0000040687
0.0000016394,0.0000011631,0.0000036109,0.0000040873
0.0000016373,0.0000011611,0.0000036314,0.0000041068
0.0000016342,0.0000011614,0.0000036513,0.0000041271
0.0000016335,0.0000011609,0.0000036721,0.0000041465
0.0000016329,0.0000011611,0.0000036932,0.0000041665
0.0000016324,0.0000011618,0.0000037144,0.0000041870
0.0000016322,0.0000011633,0.0000037358,0.0000042078
0.0000016324,0.0000011654,0.0000037574,0.0000042289
0.0000016329,0.0000011684,0.0000037792,0.0000042501
0.0000016350,0.0000011699,0.0000038023,0.0000042711
0.0000016376,0.0000011725,0.0000038250,0.0000042926
0.0000016407,0.0000011761,0.0000038475,0.0000043142
0.0000016436,0.0000011794,0.0000038709,0.0000043366
0.0000016472,0.0000011839,0.0000038939,0.0000043590
0.0000016508,0.0000011881,0.0000039178,0.0000043820
0.0000016553,0.0000011937,0.0000039413,0.0000044048
0.0000016596,0.0000011988,0.0000039658,0.0000044283
0.0000016658,0.0000012036,0.0000039905,0.0000044513
0.0000016704,0.0000012103,0.0000040150,0.0000044757
0.0000016758,0.0000012170,0.0000040399,0.0000045000
0.0000016817,0.0000012241,0.0000040651,0.0000045243
0.0000016882,0.0000012316,0.0000040906,0.0000045488
0.0000016950,0.0000012395,0.0000041162,0.0000045734
0.0000017023,0.0000012479,0.0000041420,0.0000045982
0.0000017100,0.0000012566,0.0000041680,0.0000046232
0.0000017181,0.0000012657,0.0000041941,0.0000046484
0.0000017266,0.0000012752,0.0000042205,0.0000046738
0.0000017354,0.0000012851,0.0000042470,0.0000046993
0.0000017447,0.0000012954,0.0000042737,0.0000047249
0.0000017543,0.0000013061,0.0000043005,0.0000047508
0.0000017643,0.0000013172,0.0000043275,0.0000047768
0.0000017746,0.0000013286,0.0000043547,0.0000048029
0.0000017853,0.0000013403,0.0000043820,0.0000048292
0.0000017963,0.0000013525,0.0000044094,0.0000048556
0.0000018077,0.0000013649,0.0000044370,0.0000048821
0.0000018195,0.0000013777,0.0000044647,0.0000049088
0.0000018315,0.0000013909,0.0000044925,0.0000049355
0.0000018439,0.0000014044,0.0000045204,0.0000049624
0.0000018566,0.0000014182,0.0000045485,0.0000049894
0.0000018696,0.0000014323,0.0000045766,0.0000050165
0.0000018829,0.0000014468,0.0000046048,0.0000050436
0.0000018966,0.0000014615,0.0000046332,0.0000050709
0.0000019105,0.0000014766,0.0000046616,0.0000050982
0.0000019247,0.0000014919,0.0000046901,0.0000051256
0.0000019392,0.0000015076,0.0000047186,0.0000051530
0.0000019540,0.0000015235,0.0000047472,0.0000051805
0.0000019690,0.0000015397,0.0000047759,0.0000052080
0.0000019843,0.0000015562,0.0000048046,0.0000052356
0.0000019999,0.0000015729,0.0000048333,0.0000052632
0.0000020157,0.0000015899,0.0000048621,0.0000052909
0.0000020318,0.0000016072,0.0000048909,0.0000053185
0.0000020481,0.0000016246,0.0000049197,0.0000053462
0.0000020646,0.0000016424,0.0000049485,0.0000053738
0.0000020813,0.0000016603,0.0000049773,0.0000054015
0.0000020983,0.0000016785,0.0000050061,0.0000054291
0.0000021155,0.0000016969,0.0000050349,0.0000054567
0.0000021329,0.0000017155,0.0000050637,0.0000054843
0.0000021505,0.0000017344,0.0000050924,0.0000055119
0.0000021683,0.0000017534,0.0000051211,0.0000055394
0.0000021862,0.0000017726,0.0000051498,0.0000055668
0.0000022044,0.0000017920,0.0000051784,0.0000055942
0.0000022227,0.0000018115,0.0000052069,0.0000056215
0.0000022411,0.0000018312,0.0000052354,0.0000056488
0.0000022598,0.0000018511,0.0000052638,0.0000056759
0.0000022785,0.0000018712,0.0000052921,0.0000057030
0.0000022974,0.0000018914,0.0000053203,0.0000057300
0.0000023165,0.0000019117,0.0000053484,0.0000057568
0.0000023357,0.0000019322,0.0000053764,0.0000057836
0.0000023550,0.0000019528,0.0000054043,0.0000058102
0.0000023744,0.0000019735,0.0000054321,0.0000058367
0.0000023939,0.0000019943,0.0000054597,0.0000058631
0.0000024135,0.0000020152,0.0000054872,0.0000058893
0.0000024332,0.0000020362,0.0000055146,0.0000059153
0.0000024529,0.0000020573,0.0000055418,0.0000059412
0.0000024728,0.0000020785,0.0000055688,0.0000059670
0.0000024927,0.0000020998,0.0000055957,0.0000059925
0.0000025127,0.0000021211,0.0000056224,0.0000060179
0.0000025327,0.0000021425,0.0000056489,0.0000060430
0.0000025528,0.0000021639,0.0000056752,0.0000060680
0.0000025729,0.0000021854,0.0000057013,0.0000060927
0.0000025930,0.0000022069,0.0000057272,0.0000061173
0.0000026132,0.0000022285,0.0000057528,0.0000061416
0.0000026334,0.0000022500,0.0000057783,0.0000061657
0.0000026536,0.0000022716,0.0000058035,0.0000061895
0.0000026738,0.0000022932,0.0000058285,0.0000062131
0.0000026939,0.0000023148,0.0000058532,0.0000062365
0.0000027141,0.0000023364,0.0000058777,0.0000062596
0.0000027342,0.0000023579,0.0000059019,0.0000062824
0.0000027544,0.0000023795,0.0000059258,0.0000063049
0.0000027744,0.0000024010,0.0000059495,0.0000063271
0.0000027945,0.0000024224,0.0000059728,0.0000063491
0.0000028145,0.0000024439,0.0000059959,0.0000063708
0.0000028344,0.0000024652,0.0000060187,0.0000063921
0.0000028543,0.0000024866,0.0000060412,0.0000064131
0.0000028741,0.0000025078,0.0000060633,0.0000064338
0.0000028938,0.0000025290,0.0000060852,0.0000064542
0.0000029134,0.0000025501,0.0000061067,0.0000064743
0.0000029329,0.0000025711,0.0000061278,0.0000064940
0.0000029524,0.0000025920,0.0000061487,0.0000065133
0.0000029717,0.0000026128,0.0000061691,0.0000065323
0.0000029909,0.0000026335,0.0000061893,0.0000065510
0.0000030100,0.0000026541,0.0000062090,0.0000065692
0.0000030290,0.0000026746,0.0000062284,0.0000065871
0.0000030478,0.0000026950,0.0000062474,0.0000066046
0.0000030665,0.0000027152,0.0000062660,0.0000066217
0.0000030851,0.0000027352,0.0000062843,0.0000066384
0.0000031035,0.0000027552,0.0000063021,0.0000066548
0.0000031217,0.0000027749,0.0000063195,0.0000066707
0.0000031398,0.0000027945,0.0000063365,0.0000066861
0.0000031577,0.0000028140,0.0000063531,0.0000067012
0.0000031754,0.0000028332,0.0000063693,0.0000067158
0.0000031929,0.0000028523,0.0000063851,0.0000067300
0.0000032102,0.0000028712,0.0000064004,0.0000067438
0.0000032274,0.0000028899,0.0000064153,0.0000067571
0.0000032443,0.0000029084,0.0000064297,0.0000067700
0.0000032610,0.0000029267,0.0000064437,0.0000067824
0.0000032776,0.0000029448,0.0000064573,0.0000067943
0.0000032938,0.0000029627,0.0000064703,0.0000068058
0.0000033099,0.0000029804,0.0000064829,0.0000068168
0.0000033257,0.0000029978,0.0000064950,0.0000068273
0.0000033413,0.0000030150,0.0000065067,0.0000068374
0.0000033567,0.0000030319,0.0000065179,0.0000068469
0.0000033718,0.0000030486,0.0000065285,0.0000068560
0.0000033727,0.0000030259,0.0000065527,0.0000069038
0.0000034050,0.0000030913,0.0000065450,0.0000068623
0.0000034046,0.0000030662,0.0000065687,0.0000069111
0.0000034355,0.0000031299,0.0000065602,0.0000068703
0.0000034343,0.0000031031,0.0000065835,0.0000069190
0.0000034638,0.0000031644,0.0000065747,0.0000068792
0.0000034620,0.0000031365,0.0000065971,0.0000069272
0.0000034903,0.0000031959,0.0000065878,0.0000068877
0.0000034881,0.0000031674,0.0000066092,0.0000069345
0.0000035153,0.0000032252,0.0000065991,0.0000068952
0.0000035128,0.0000031963,0.0000066194,0.0000069405
0.0000035390,0.0000032526,0.0000066086,0.0000069011
0.0000035360,0.0000032236,0.0000066275,0.0000069448
0.0000035612,0.0000032784,0.0000066160,0.0000069051
0.0000035579,0.0000032493,0.0000066336,0.0000069471
0.0000035821,0.0000033028,0.0000066212,0.0000069071
0.0000035785,0.0000032737,0.0000066376,0.0000069473
0.0000036017,0.0000033258,0.0000066243,0.0000069070
0.0000035978,0.0000032966,0.0000066393,0.0000069453
0.0000036200,0.0000033474,0.0000066252,0.0000069047
0.0000036157,0.0000033182,0.0000066387,0.0000069411
0.0000036368,0.0000033676,0.0000066238,0.0000069002
0.0000036322,0.0000033384,0.0000066359,0.0000069346
0.0000036538,0.0000033857,0.0000066202,0.0000068925
0.0000036481,0.0000033570,0.0000066306,0.0000069256
0.0000036684,0.0000034030,0.0000066140,0.0000068833
0.0000036622,0.0000033745,0.0000066229,0.0000069144
0.0000036814,0.0000034189,0.0000066055,0.0000068717
0.0000036747,0.0000033905,0.0000066129,0.0000069009
