Control outputs (thrust, moment_x, moment_y, moment_z)
2.0000000000,0.0000000000,1.0000000000,0.0000000000,0.0000000000,0.0000000000,1.0000000000,0.0000000000,0.0000000000,0.0000000000,0.0000000000,0.0000000000,0.0000000000
2.0000000000,0.0000000000,1.0000000000,0.0000000000,0.0000000000,0.0133333333,1.0000000000,0.0000000000,0.0000000000,0.0000000000,0.0000000000,0.0000000000,0.0000000000
2.0000000000,0.0000000000,1.0001333333,0.0000000000,0.0000000000,0.0259418803,1.0000000000,0.0000000000,0.0000000000,0.0000000000,0.0000000000,0.0000000000,0.0000000000
