{
  "8pt": {
    "0.0": {
      "total_problems": 3,
      "successful_problems": 3,
      "failed_problems": 0,
      "success_rate": 1.0,
      "noise_level": 0.0,
      "successful_rotation_mean": 0.09683528898769396,
      "successful_rotation_std": 0.043794656488394444,
      "successful_rotation_median": 0.0876686031881788,
      "successful_rotation_q95": 0.14778552691952948,
      "successful_translation_mean": 0.40872476320090406,
      "successful_translation_std": 0.07274974330677196,
      "successful_translation_median": 0.4278585560846801,
      "successful_translation_q95": 0.480818868389527,
      "successful_reprojection_mean": 0.008225193662276857,
      "successful_reprojection_std": 0.0009535110213265617,
      "successful_reprojection_median": 0.00860149043205685,
      "successful_reprojection_q95": 0.00910276483988322,
      "successful_combined_mean": 0.40872476320090406,
      "successful_combined_std": 0.07274974330677196,
      "successful_combined_median": 0.4278585560846801,
      "successful_combined_q95": 0.480818868389527,
      "all_rotation_mean": 0.09683528898769396,
      "all_rotation_std": 0.043794656488394444,
      "all_rotation_median": 0.0876686031881788,
      "all_rotation_q95": 0.14778552691952948,
      "all_translation_mean": 0.40872476320090406,
      "all_translation_std": 0.07274974330677196,
      "all_translation_median": 0.4278585560846801,
      "all_translation_q95": 0.480818868389527,
      "all_reprojection_mean": 0.008225193662276857,
      "all_reprojection_std": 0.0009535110213265617,
      "all_reprojection_median": 0.00860149043205685,
      "all_reprojection_q95": 0.00910276483988322,
      "all_combined_mean": 0.40872476320090406,
      "all_combined_std": 0.07274974330677196,
      "all_combined_median": 0.4278585560846801,
      "all_combined_q95": 0.480818868389527
    },
    "0.01": {
      "total_problems": 3,
      "successful_problems": 3,
      "failed_problems": 0,
      "success_rate": 1.0,
      "noise_level": 0.01,
      "successful_rotation_mean": 0.10382311754974749,
      "successful_rotation_std": 0.05964118527265445,
      "successful_rotation_median": 0.13559748301543603,
      "successful_rotation_q95": 0.15359956892678567,
      "successful_translation_mean": 1.1254757463402763,
      "successful_translation_std": 1.2319734836787657,
      "successful_translation_median": 0.4349651966217341,
      "successful_translation_q95": 2.6139173871984163,
      "successful_reprojection_mean": 0.20657530694614368,
      "successful_reprojection_std": 0.08558545834551222,
      "successful_reprojection_median": 0.24243070632048802,
      "successful_reprojection_q95": 0.2841298016840406,
      "successful_combined_mean": 1.1421952885961837,
      "successful_combined_std": 1.218006514436962,
      "successful_combined_median": 0.4349651966217341,
      "successful_combined_q95": 2.6139173871984163,
      "all_rotation_mean": 0.10382311754974749,
      "all_rotation_std": 0.05964118527265445,
      "all_rotation_median": 0.13559748301543603,
      "all_rotation_q95": 0.15359956892678567,
      "all_translation_mean": 1.1254757463402763,
      "all_translation_std": 1.2319734836787657,
      "all_translation_median": 0.4349651966217341,
      "all_translation_q95": 2.6139173871984163,
      "all_reprojection_mean": 0.20657530694614368,
      "all_reprojection_std": 0.08558545834551222,
      "all_reprojection_median": 0.24243070632048802,
      "all_reprojection_q95": 0.2841298016840406,
      "all_combined_mean": 1.1421952885961837,
      "all_combined_std": 1.218006514436962,
      "all_combined_median": 0.4349651966217341,
      "all_combined_q95": 2.6139173871984163
    }
  }
}