problem_type,num_points,quat_gt,tvec_gt,scale_gt,focal_gt,x1,x2
3,3,0.674930632,0.000000000,0.737881184,0.000000000,-0.995415568,0.000000000,0.095644146,1.000000000,1.000000000,-0.703211665,-0.583646297,0.406017691,0.580132902,0.693229496,0.427643299,0.048856247,-0.332731009,0.941755414,0.319815636,-0.617032468,0.719019353,-0.142420352,0.765892386,-0.626997113,0.852557421,-0.501734018,-0.146317706
